id,date,text,tickers,tickers_from_tags,tickers_from_keywords,has_media,ticker,company_name,industry,news_type,clean_text
67593,2025-01-20,"#ELMT
**–ì–ö ¬´–≠–ª–µ–º–µ–Ω—Ç¬ª –∫—É–ø–∏–ª–∞ 50% –∏–Ω—Ç–µ—Ä–Ω–µ—Ç-–ø—Ä–æ–≤–∞–π–¥–µ—Ä–∞ –æ—Ç –ú–§–¢–ò**, –∫–æ—Ç–æ—Ä—ã–π –ø—Ä–µ–¥–æ—Å—Ç–∞–≤–ª—è–µ—Ç —É—Å–ª—É–≥–∏ –∏–Ω—Ç–µ—Ä–Ω–µ—Ç-–ø—Ä–æ–≤–∞–π–¥–µ—Ä–∞ –≤ –ø–æ–¥–º–æ—Å–∫–æ–≤–Ω–æ–º –î–æ–ª–≥–æ–ø—Ä—É–¥–Ω–æ–º ‚Äî –í–µ–¥–æ–º–æ—Å—Ç–∏

–ö–æ–º–ø–∞–Ω–∏—è –Ω–∞—á–Ω–µ—Ç –ø—Ä–æ–µ–∫—Ç–∏—Ä–æ–≤–∞—Ç—å —Ä–µ—à–µ–Ω–∏—è –¥–ª—è –ø—Ä–æ–∏–∑–≤–æ–¥–∏—Ç–µ–ª–µ–π —Ç–µ–ª–µ–∫–æ–º–æ–±–æ—Ä—É–¥–æ–≤–∞–Ω–∏—è.",['MTSS'],[],['MTSS'],False,MTSS,–ú–¢–°,—Ç–µ–ª–µ–∫–æ–º–º—É–Ω–∏–∫–∞—Ü–∏–∏,industry,"ELMT –ì–ö –≠–ª–µ–º–µ–Ω—Ç –∫—É–ø–∏–ª–∞ 50 –∏–Ω—Ç–µ—Ä–Ω–µ—Ç-–ø—Ä–æ–≤–∞–π–¥–µ—Ä–∞ –æ—Ç –ú–§–¢–ò, –∫–æ—Ç–æ—Ä—ã–π –ø—Ä–µ–¥–æ—Å—Ç–∞–≤–ª—è–µ—Ç —É—Å–ª—É–≥–∏ –∏–Ω—Ç–µ—Ä–Ω–µ—Ç-–ø—Ä–æ–≤–∞–π–¥–µ—Ä–∞ –≤ –ø–æ–¥–º–æ—Å–∫–æ–≤–Ω–æ–º –î–æ–ª–≥–æ–ø—Ä—É–¥–Ω–æ–º –í–µ–¥–æ–º–æ—Å—Ç–∏ –ö–æ–º–ø–∞–Ω–∏—è –Ω–∞—á–Ω–µ—Ç –ø—Ä–æ–µ–∫—Ç–∏—Ä–æ–≤–∞—Ç—å —Ä–µ—à–µ–Ω–∏—è –¥–ª—è –ø—Ä–æ–∏–∑–≤–æ–¥–∏—Ç–µ–ª–µ–π —Ç–µ–ª–µ–∫–æ–º–æ–±–æ—Ä—É–¥–æ–≤–∞–Ω–∏—è."
67651,2025-01-21,"#RTKM
–†–æ—Å—Ç–µ–ª–µ–∫–æ–º –≤ –æ—Ç–≤–µ—Ç –Ω–∞ —Å–æ–æ–±—â–µ–Ω–∏—è –æ –≤–æ–∑–º–æ–∂–Ω–æ–π —É—Ç–µ—á–∫–µ –¥–∞–Ω–Ω—ã—Ö –∑–∞—è–≤–∏–ª, —á—Ç–æ, –≤–µ—Ä–æ—è—Ç–Ω–æ, —É—Ç–µ—á–∫–∞ –ø—Ä–æ–∏–∑–æ—à–ª–∞ –∏–∑ –∏–Ω—Ñ—Ä–∞—Å—Ç—Ä—É–∫—Ç—É—Ä—ã –ø–æ–¥—Ä—è–¥—á–∏–∫–∞",['MTSS'],[],['MTSS'],False,MTSS,–ú–¢–°,—Ç–µ–ª–µ–∫–æ–º–º—É–Ω–∏–∫–∞—Ü–∏–∏,industry,"RTKM –†–æ—Å—Ç–µ–ª–µ–∫–æ–º –≤ –æ—Ç–≤–µ—Ç –Ω–∞ —Å–æ–æ–±—â–µ–Ω–∏—è –æ –≤–æ–∑–º–æ–∂–Ω–æ–π —É—Ç–µ—á–∫–µ –¥–∞–Ω–Ω—ã—Ö –∑–∞—è–≤–∏–ª, —á—Ç–æ, –≤–µ—Ä–æ—è—Ç–Ω–æ, —É—Ç–µ—á–∫–∞ –ø—Ä–æ–∏–∑–æ—à–ª–∞ –∏–∑ –∏–Ω—Ñ—Ä–∞—Å—Ç—Ä—É–∫—Ç—É—Ä—ã –ø–æ–¥—Ä—è–¥—á–∏–∫–∞"
51277,2025-01-21,"–•–∞–∫–µ—Ä—ã –≤–∑–ª–æ–º–∞–ª–∏ –†–æ—Å—Ç–µ–ª–µ–∫–æ–º –∏ –ø–æ–ª—É—á–∏–ª–∏ –¥–∞–Ω–Ω—ã–µ —Å—Ç–∞ —Ç—ã—Å—è—á –∫–ª–∏–µ–Ω—Ç–æ–≤ –∫–æ–º–ø–∞–Ω–∏–∏.

[tvchelny.ru](https://tvchelny.ru/news/obshchestvo/xakery-vzlomali-rostelekom-v-set-utekli-dannye-klientov)",['MTSS'],[],['MTSS'],False,MTSS,–ú–¢–°,—Ç–µ–ª–µ–∫–æ–º–º—É–Ω–∏–∫–∞—Ü–∏–∏,industry,–•–∞–∫–µ—Ä—ã –≤–∑–ª–æ–º–∞–ª–∏ –†–æ—Å—Ç–µ–ª–µ–∫–æ–º –∏ –ø–æ–ª—É—á–∏–ª–∏ –¥–∞–Ω–Ω—ã–µ —Å—Ç–∞ —Ç—ã—Å—è—á –∫–ª–∏–µ–Ω—Ç–æ–≤ –∫–æ–º–ø–∞–Ω–∏–∏. tvchelny.ru(
67650,2025-01-21,"#RTKM
**–•–∞–∫–µ—Ä—ã –≤–∑–ª–æ–º–∞–ª–∏ –†–æ—Å—Ç–µ–ª–µ–∫–æ–º –∏ –ø–æ–ª—É—á–∏–ª–∏ –¥–∞–Ω–Ω—ã–µ –∫–ª–∏–µ–Ω—Ç–æ–≤ –∫–æ–º–ø–∞–Ω–∏–∏**",['MTSS'],[],['MTSS'],False,MTSS,–ú–¢–°,—Ç–µ–ª–µ–∫–æ–º–º—É–Ω–∏–∫–∞—Ü–∏–∏,industry,RTKM –•–∞–∫–µ—Ä—ã –≤–∑–ª–æ–º–∞–ª–∏ –†–æ—Å—Ç–µ–ª–µ–∫–æ–º –∏ –ø–æ–ª—É—á–∏–ª–∏ –¥–∞–Ω–Ω—ã–µ –∫–ª–∏–µ–Ω—Ç–æ–≤ –∫–æ–º–ø–∞–Ω–∏–∏
51278,2025-01-21,"–í –æ—Ç–≤–µ—Ç –Ω–∞ —Å–æ–æ–±—â–µ–Ω–∏—è –æ –≤–æ–∑–º–æ–∂–Ω–æ–π —É—Ç–µ—á–∫–µ –¥–∞–Ω–Ω—ã—Ö –†–æ—Å—Ç–µ–ª–µ–∫–æ–º –∑–∞—è–≤–∏–ª, —á—Ç–æ, –≤–µ—Ä–æ—è—Ç–Ω–æ, —É—Ç–µ—á–∫–∞ –ø—Ä–æ–∏–∑–æ—à–ª–∞ –∏–∑ –∏–Ω—Ñ—Ä–∞—Å—Ç—Ä—É–∫—Ç—É—Ä—ã –ø–æ–¥—Ä—è–¥—á–∏–∫–∞

[tass.ru](https://tass.ru/ekonomika/22933081)",['MTSS'],[],['MTSS'],False,MTSS,–ú–¢–°,—Ç–µ–ª–µ–∫–æ–º–º—É–Ω–∏–∫–∞—Ü–∏–∏,industry,"–í –æ—Ç–≤–µ—Ç –Ω–∞ —Å–æ–æ–±—â–µ–Ω–∏—è –æ –≤–æ–∑–º–æ–∂–Ω–æ–π —É—Ç–µ—á–∫–µ –¥–∞–Ω–Ω—ã—Ö –†–æ—Å—Ç–µ–ª–µ–∫–æ–º –∑–∞—è–≤–∏–ª, —á—Ç–æ, –≤–µ—Ä–æ—è—Ç–Ω–æ, —É—Ç–µ—á–∫–∞ –ø—Ä–æ–∏–∑–æ—à–ª–∞ –∏–∑ –∏–Ω—Ñ—Ä–∞—Å—Ç—Ä—É–∫—Ç—É—Ä—ã –ø–æ–¥—Ä—è–¥—á–∏–∫–∞ tass.ru("
51345,2025-01-22,"–ë–∏—Ä–∂–∞ –°–ü–±–ú–¢–°–ë* –∏–∑–º–µ–Ω–∏—Ç –Ω–∞–∑–≤–∞–Ω–∏–µ –Ω–∞ ¬´–ü–µ—Ç–µ—Ä–±—É—Ä–≥—Å–∫–∞—è –±–∏—Ä–∂–∞¬ª

[vedomosti.ru](https://www.vedomosti.ru/finance/news/2025/01/22/1087716-spbmtsb-izmenit-nazvanie)
__* –°–∞–Ω–∫—Ç-–ü–µ—Ç–µ—Ä–±—É—Ä–≥—Å–∫–∞—è –º–µ–∂–¥—É–Ω–∞—Ä–æ–¥–Ω–∞—è —Ç–æ–≤–∞—Ä–Ω–æ-—Å—ã—Ä—å–µ–≤–∞—è –±–∏—Ä–∂–∞__",['MTSS'],[],['MTSS'],False,MTSS,–ú–¢–°,—Ç–µ–ª–µ–∫–æ–º–º—É–Ω–∏–∫–∞—Ü–∏–∏,industry,–ë–∏—Ä–∂–∞ –°–ü–±–ú–¢–°–ë –∏–∑–º–µ–Ω–∏—Ç –Ω–∞–∑–≤–∞–Ω–∏–µ –Ω–∞ –ü–µ—Ç–µ—Ä–±—É—Ä–≥—Å–∫–∞—è –±–∏—Ä–∂–∞ vedomosti.ru( –°–∞–Ω–∫—Ç-–ü–µ—Ç–µ—Ä–±—É—Ä–≥—Å–∫–∞—è –º–µ–∂–¥—É–Ω–∞—Ä–æ–¥–Ω–∞—è —Ç–æ–≤–∞—Ä–Ω–æ-—Å—ã—Ä—å–µ–≤–∞—è –±–∏—Ä–∂–∞
51433,2025-01-24,"–§–ê–° –≤–æ–∑–±—É–¥–∏–ª–∞ –¥–µ–ª–æ –≤ –æ—Ç–Ω–æ—à–µ–Ω–∏–∏ –ú–¢–° –∏–∑-–∑–∞ —Ä–µ–∫–ª–∞–º—ã –∏–Ω—Ç–µ—Ä–Ω–µ—Ç–∞.

[fas.gov.ru](https://fas.gov.ru/news/33750)",['MTSS'],[],['MTSS'],False,MTSS,–ú–¢–°,—Ç–µ–ª–µ–∫–æ–º–º—É–Ω–∏–∫–∞—Ü–∏–∏,industry,–§–ê–° –≤–æ–∑–±—É–¥–∏–ª–∞ –¥–µ–ª–æ –≤ –æ—Ç–Ω–æ—à–µ–Ω–∏–∏ –ú–¢–° –∏–∑-–∑–∞ —Ä–µ–∫–ª–∞–º—ã –∏–Ω—Ç–µ—Ä–Ω–µ—Ç–∞. fas.gov.ru(
51803,2025-02-01,"‚Äã[headlines_for_traders](https://t.me/headlines_for_traders)
__*P/E: –≥–æ–¥–æ–≤–æ–π (—Ç–µ–∫—É—â–∞—è –∫–∞–ø–∏—Ç–∞–ª–∏–∑–∞—Ü–∏—è –∫–æ–º–ø–∞–Ω–∏–∏ –¥–µ–ª–∏—Ç—Å—è –Ω–∞ —á–∏—Å—Ç—É—é –ø—Ä–∏–±—ã–ª—å –∑–∞ –ø—Ä–µ–¥—ã–¥—É—â–∏–π –∫–∞–ª–µ–Ω–¥–∞—Ä–Ω—ã–π –≥–æ–¥).__
__**MOEXTL ‚Äî –∏–Ω–¥–µ–∫—Å —Ç–µ–ª–µ–∫–æ–º–º—É–Ω–∏–∫–∞—Ü–∏–æ–Ω–Ω—ã—Ö –∫–æ–º–ø–∞–Ω–∏–π –Ω–∞ –ú–æ—Å–±–∏—Ä–∂–µ.__
__***–°—Ä–µ–¥–Ω–∏–µ –∑–Ω–∞—á–µ–Ω–∏—è –≤—ã—á–∏—Å–ª–µ–Ω—ã –±–µ–∑ —É—á–µ—Ç–∞ –æ—Ç—Ä–∏—Ü–∞—Ç–µ–ª—å–Ω—ã—Ö –∏ –∞–Ω–æ–º–∞–ª—å–Ω–æ –±–æ–ª—å—à–∏—Ö –∑–Ω–∞—á–µ–Ω–∏–π.__",['MTSS'],[],['MTSS'],True,MTSS,–ú–¢–°,—Ç–µ–ª–µ–∫–æ–º–º—É–Ω–∏–∫–∞—Ü–∏–∏,industry,headlines_for_traders( PE: –≥–æ–¥–æ–≤–æ–π (—Ç–µ–∫—É—â–∞—è –∫–∞–ø–∏—Ç–∞–ª–∏–∑–∞—Ü–∏—è –∫–æ–º–ø–∞–Ω–∏–∏ –¥–µ–ª–∏—Ç—Å—è –Ω–∞ —á–∏—Å—Ç—É—é –ø—Ä–∏–±—ã–ª—å –∑–∞ –ø—Ä–µ–¥—ã–¥—É—â–∏–π –∫–∞–ª–µ–Ω–¥–∞—Ä–Ω—ã–π –≥–æ–¥). MOEXTL –∏–Ω–¥–µ–∫—Å —Ç–µ–ª–µ–∫–æ–º–º—É–Ω–∏–∫–∞—Ü–∏–æ–Ω–Ω—ã—Ö –∫–æ–º–ø–∞–Ω–∏–π –Ω–∞ –ú–æ—Å–±–∏—Ä–∂–µ. –°—Ä–µ–¥–Ω–∏–µ –∑–Ω–∞—á–µ–Ω–∏—è –≤—ã—á–∏—Å–ª–µ–Ω—ã –±–µ–∑ —É—á–µ—Ç–∞ –æ—Ç—Ä–∏—Ü–∞—Ç–µ–ª—å–Ω—ã—Ö –∏ –∞–Ω–æ–º–∞–ª—å–Ω–æ –±–æ–ª—å—à–∏—Ö –∑–Ω–∞—á–µ–Ω–∏–π.
51835,2025-02-02,"‚Äã[headlines_for_traders](https://t.me/headlines_for_traders), ‚Äã[smart-lab](https://smart-lab.ru/q/shares_fundamental/?field=ev_ebitda)
__*EV/EBITDA ‚Äî —Å—Ç–æ–∏–º–æ—Å—Ç—å –∫–æ–º–ø–∞–Ω–∏–∏ (Enterprise Value), –¥–µ–ª—ë–Ω–Ω–∞—è –Ω–∞ –ø–æ–∫–∞–∑–∞—Ç–µ–ª—å EBITDA –∑–∞ –ø—Ä–µ–¥—ã–¥—É—â–∏–π –∫–∞–ª–µ–Ω–¥–∞—Ä–Ω—ã–π –≥–æ–¥.__
__**EV ‚Äî —Ä—ã–Ω–æ—á–Ω–∞—è –∫–∞–ø–∏—Ç–∞–ª–∏–∑–∞—Ü–∏—è –∏ –¥–æ–ª–≥, –º–∏–Ω—É—Å —Å–≤–æ–±–æ–¥–Ω—ã–µ –¥–µ–Ω–µ–∂–Ω—ã–µ —Å—Ä–µ–¥—Å—Ç–≤–∞.__
__***EBITDA ‚Äî –ø—Ä–∏–±—ã–ª—å –¥–æ –≤—ã—á–µ—Ç–∞ –ø—Ä–æ—Ü–µ–Ω—Ç–æ–≤, –Ω–∞–ª–æ–≥–æ–≤, –∏–∑–Ω–æ—Å–∞ –∏ –∞–º–æ—Ä—Ç–∏–∑–∞—Ü–∏–∏.__
__****MOEXTL ‚Äî –∏–Ω–¥–µ–∫—Å —Ç–µ–ª–µ–∫–æ–º–º—É–Ω–∏–∫–∞—Ü–∏–æ–Ω–Ω—ã—Ö –∫–æ–º–ø–∞–Ω–∏–π –Ω–∞ –ú–æ—Å–±–∏—Ä–∂–µ__
__*****–°—Ä–µ–¥–Ω–∏–µ –∑–Ω–∞—á–µ–Ω–∏—è –≤—ã—á–∏—Å–ª–µ–Ω—ã –±–µ–∑ —É—á–µ—Ç–∞ –æ—Ç—Ä–∏—Ü–∞—Ç–µ–ª—å–Ω—ã—Ö –∏ –∞–Ω–æ–º–∞–ª—å–Ω–æ –±–æ–ª—å—à–∏—Ö –∑–Ω–∞—á–µ–Ω–∏–π.__",['MTSS'],[],['MTSS'],True,MTSS,–ú–¢–°,—Ç–µ–ª–µ–∫–æ–º–º—É–Ω–∏–∫–∞—Ü–∏–∏,industry,"headlines_for_traders( smart-lab( EVEBITDA —Å—Ç–æ–∏–º–æ—Å—Ç—å –∫–æ–º–ø–∞–Ω–∏–∏ (Enterprise Value), –¥–µ–ª—ë–Ω–Ω–∞—è –Ω–∞ –ø–æ–∫–∞–∑–∞—Ç–µ–ª—å EBITDA –∑–∞ –ø—Ä–µ–¥—ã–¥—É—â–∏–π –∫–∞–ª–µ–Ω–¥–∞—Ä–Ω—ã–π –≥–æ–¥. EV —Ä—ã–Ω–æ—á–Ω–∞—è –∫–∞–ø–∏—Ç–∞–ª–∏–∑–∞—Ü–∏—è –∏ –¥–æ–ª–≥, –º–∏–Ω—É—Å —Å–≤–æ–±–æ–¥–Ω—ã–µ –¥–µ–Ω–µ–∂–Ω—ã–µ —Å—Ä–µ–¥—Å—Ç–≤–∞. EBITDA –ø—Ä–∏–±—ã–ª—å –¥–æ –≤—ã—á–µ—Ç–∞ –ø—Ä–æ—Ü–µ–Ω—Ç–æ–≤, –Ω–∞–ª–æ–≥–æ–≤, –∏–∑–Ω–æ—Å–∞ –∏ –∞–º–æ—Ä—Ç–∏–∑–∞—Ü–∏–∏. MOEXTL –∏–Ω–¥–µ–∫—Å —Ç–µ–ª–µ–∫–æ–º–º—É–Ω–∏–∫–∞—Ü–∏–æ–Ω–Ω—ã—Ö –∫–æ–º–ø–∞–Ω–∏–π –Ω–∞ –ú–æ—Å–±–∏—Ä–∂–µ –°—Ä–µ–¥–Ω–∏–µ –∑–Ω–∞—á–µ–Ω–∏—è –≤—ã—á–∏—Å–ª–µ–Ω—ã –±–µ–∑ —É—á–µ—Ç–∞ –æ—Ç—Ä–∏—Ü–∞—Ç–µ–ª—å–Ω—ã—Ö –∏ –∞–Ω–æ–º–∞–ª—å–Ω–æ –±–æ–ª—å—à–∏—Ö –∑–Ω–∞—á–µ–Ω–∏–π."
51821,2025-02-02,"‚Äã[headlines_for_traders](https://t.me/headlines_for_traders)
__*P/S: –≥–æ–¥–æ–≤–æ–π (—Ç–µ–∫—É—â–∞—è –∫–∞–ø–∏—Ç–∞–ª–∏–∑–∞—Ü–∏—è –∫–æ–º–ø–∞–Ω–∏–∏ –¥–µ–ª–∏—Ç—Å—è –Ω–∞ –≤—ã—Ä—É—á–∫—É –∑–∞ –ø—Ä–µ–¥—ã–¥—É—â–∏–π –∫–∞–ª–µ–Ω–¥–∞—Ä–Ω—ã–π –≥–æ–¥).__
__**MOEXTL ‚Äî –∏–Ω–¥–µ–∫—Å —Ç–µ–ª–µ–∫–æ–º–º—É–Ω–∏–∫–∞—Ü–∏–æ–Ω–Ω—ã—Ö –∫–æ–º–ø–∞–Ω–∏–π –Ω–∞ –ú–æ—Å–±–∏—Ä–∂–µ.__",['MTSS'],[],['MTSS'],True,MTSS,–ú–¢–°,—Ç–µ–ª–µ–∫–æ–º–º—É–Ω–∏–∫–∞—Ü–∏–∏,industry,headlines_for_traders( PS: –≥–æ–¥–æ–≤–æ–π (—Ç–µ–∫—É—â–∞—è –∫–∞–ø–∏—Ç–∞–ª–∏–∑–∞—Ü–∏—è –∫–æ–º–ø–∞–Ω–∏–∏ –¥–µ–ª–∏—Ç—Å—è –Ω–∞ –≤—ã—Ä—É—á–∫—É –∑–∞ –ø—Ä–µ–¥—ã–¥—É—â–∏–π –∫–∞–ª–µ–Ω–¥–∞—Ä–Ω—ã–π –≥–æ–¥). MOEXTL –∏–Ω–¥–µ–∫—Å —Ç–µ–ª–µ–∫–æ–º–º—É–Ω–∏–∫–∞—Ü–∏–æ–Ω–Ω—ã—Ö –∫–æ–º–ø–∞–Ω–∏–π –Ω–∞ –ú–æ—Å–±–∏—Ä–∂–µ.
52112,2025-02-07,"**–°–µ—Ä–≥–µ–π –ü–∏—Ä–æ–≥–æ–≤* (–æ —Ä–æ—Å—Å–∏–π—Å–∫–æ–º —Ä—ã–Ω–∫–µ):**

‚óè –°–µ–π—á–∞—Å —Ä—ã–Ω–æ–∫ –Ω–∞–ø–æ–º–∏–Ω–∞–µ—Ç —Ä—É–ª–µ—Ç–∫—É: —É–≥–∞–¥–∞–ª —Å –ø–µ—Ä–µ–≥–æ–≤–æ—Ä–∞–º–∏ ‚Äî –≤—ã–∏–≥—Ä–∞–ª, –Ω–µ—Ç ‚Äî –ø—Ä–æ–∏–≥—Ä–∞–ª.
‚óè –û–¥–Ω–∞–∫–æ —Ç–∞–∫—Ç–∏–∫–∞ –≤—Å—ë –∂–µ –≤–æ–∑–º–æ–∂–Ω–∞. –Ø –¥–µ—Ä–∂—É –Ω–µ –ø–æ–ª–Ω—ã–π –ø–æ—Ä—Ç—Ñ–µ–ª—å –∞–∫—Ü–∏–π, –¥–µ–ª–∞—è —Å—Ç–∞–≤–∫—É –Ω–∞ –æ—Ç–¥–µ–ª—å–Ω—ã–µ –∫–æ–º–ø–∞–Ω–∏–∏, –≥–¥–µ —Ä–∏—Å–∫–∏ –æ–≥—Ä–∞–Ω–∏—á–µ–Ω—ã, –∞ –¥–æ–ª–≥–æ—Å—Ä–æ—á–Ω—ã–π –ø–æ—Ç–µ–Ω—Ü–∏–∞–ª —Ä–æ—Å—Ç–∞ –≤—ã—Å–æ–∫.
‚óè –°—Ä–µ–¥–∏ —Ç–∞–∫—Ç–∏—á–µ—Å–∫–∏—Ö –∏–¥–µ–π ‚Äî –∫–æ—Ä–ø–æ—Ä–∞—Ç–∏–≤–Ω—ã–µ —Å–æ–±—ã—Ç–∏—è: —Å–ø–ª–∏—Ç ¬´–ü–æ–ª—é—Å–∞¬ª, IPO –¥–æ—á–µ—Ä–Ω–∏—Ö –∫–æ–º–ø–∞–Ω–∏–π –ú–¢–° –∏ –†–æ—Å—Ç–µ–ª–µ–∫–æ–º–∞, –∞ —Ç–∞–∫–∂–µ —Å–∏–ª—å–Ω—ã–µ –æ—Ç—á—ë—Ç—ã –±–∞–Ω–∫–æ–≤ (–æ—Å–æ–±–µ–Ω–Ω–æ –°–±–µ—Ä–∞), –∫–æ—Ç–æ—Ä—ã–µ –º–æ–≥—É—Ç –ø–æ–¥–¥–µ—Ä–∂–∞—Ç—å –∫–æ—Ç–∏—Ä–æ–≤–∫–∏ –≤ –±–æ–∫–æ–≤–æ–º —Ä—ã–Ω–∫–µ.

[t.me/PirogovLive](https://t.me/PirogovLive/10248)
__*–û—Å–Ω–æ–≤–∞—Ç–µ–ª—å –£–ö ¬´–ì–µ—Ä–æ–∏¬ª__",['MTSS'],[],['MTSS'],False,MTSS,–ú–¢–°,—Ç–µ–ª–µ–∫–æ–º–º—É–Ω–∏–∫–∞—Ü–∏–∏,industry,"–°–µ—Ä–≥–µ–π –ü–∏—Ä–æ–≥–æ–≤ (–æ —Ä–æ—Å—Å–∏–π—Å–∫–æ–º —Ä—ã–Ω–∫–µ): –°–µ–π—á–∞—Å —Ä—ã–Ω–æ–∫ –Ω–∞–ø–æ–º–∏–Ω–∞–µ—Ç —Ä—É–ª–µ—Ç–∫—É: —É–≥–∞–¥–∞–ª —Å –ø–µ—Ä–µ–≥–æ–≤–æ—Ä–∞–º–∏ –≤—ã–∏–≥—Ä–∞–ª, –Ω–µ—Ç –ø—Ä–æ–∏–≥—Ä–∞–ª. –û–¥–Ω–∞–∫–æ —Ç–∞–∫—Ç–∏–∫–∞ –≤—Å—ë –∂–µ –≤–æ–∑–º–æ–∂–Ω–∞. –Ø –¥–µ—Ä–∂—É –Ω–µ –ø–æ–ª–Ω—ã–π –ø–æ—Ä—Ç—Ñ–µ–ª—å –∞–∫—Ü–∏–π, –¥–µ–ª–∞—è —Å—Ç–∞–≤–∫—É –Ω–∞ –æ—Ç–¥–µ–ª—å–Ω—ã–µ –∫–æ–º–ø–∞–Ω–∏–∏, –≥–¥–µ —Ä–∏—Å–∫–∏ –æ–≥—Ä–∞–Ω–∏—á–µ–Ω—ã, –∞ –¥–æ–ª–≥–æ—Å—Ä–æ—á–Ω—ã–π –ø–æ—Ç–µ–Ω—Ü–∏–∞–ª —Ä–æ—Å—Ç–∞ –≤—ã—Å–æ–∫. –°—Ä–µ–¥–∏ —Ç–∞–∫—Ç–∏—á–µ—Å–∫–∏—Ö –∏–¥–µ–π –∫–æ—Ä–ø–æ—Ä–∞—Ç–∏–≤–Ω—ã–µ —Å–æ–±—ã—Ç–∏—è: —Å–ø–ª–∏—Ç –ü–æ–ª—é—Å–∞, IPO –¥–æ—á–µ—Ä–Ω–∏—Ö –∫–æ–º–ø–∞–Ω–∏–π –ú–¢–° –∏ –†–æ—Å—Ç–µ–ª–µ–∫–æ–º–∞, –∞ —Ç–∞–∫–∂–µ —Å–∏–ª—å–Ω—ã–µ –æ—Ç—á—ë—Ç—ã –±–∞–Ω–∫–æ–≤ (–æ—Å–æ–±–µ–Ω–Ω–æ –°–±–µ—Ä–∞), –∫–æ—Ç–æ—Ä—ã–µ –º–æ–≥—É—Ç –ø–æ–¥–¥–µ—Ä–∂–∞—Ç—å –∫–æ—Ç–∏—Ä–æ–≤–∫–∏ –≤ –±–æ–∫–æ–≤–æ–º —Ä—ã–Ω–∫–µ. t.mePirogovLive( –û—Å–Ω–æ–≤–∞—Ç–µ–ª—å –£–ö –ì–µ—Ä–æ–∏"
52245,2025-02-11,"–í—Å—Ç—Ä–µ—á–∞–π—Ç–µ [–ú–¢–° –õ–∏–Ω–∫](https://mts-link.ru/?utm_source=mrk_seeding&utm_medium=headlines_for_traders&utm_campaign=stream_mts_link_q1_nontv_2025_&erid=2VfnxyFvDua) ‚Äî –ø–ª–∞—Ç—Ñ–æ—Ä–º—É –¥–ª—è –±–∏–∑–Ω–µ—Å-–∫–æ–º–º—É–Ω–∏–∫–∞—Ü–∏–π, –∫–æ—Ç–æ—Ä–∞—è –∑–∞–ª–∏–Ω–∫—É–µ—Ç —Å–æ—Ç—Ä—É–¥–Ω–∏–∫–æ–≤ –¥–ª—è —ç—Ñ—Ñ–µ–∫—Ç–∏–≤–Ω–æ–π –∏ —Å–ª–∞–∂–µ–Ω–Ω–æ–π —Ä–∞–±–æ—Ç—ã –±–µ–∑ –≤–∞—à–µ–≥–æ –ª–∏—à–Ω–µ–≥–æ –≤–æ–≤–ª–µ—á–µ–Ω–∏—è.

–í–º–µ—Å—Ç–æ –¥–æ–ª–≥–∏—Ö –ø–æ–¥–∫–ª—é—á–µ–Ω–∏–π ‚Äî —ç—Ñ—Ñ–µ–∫—Ç–∏–≤–Ω—ã–µ –∫–æ–Ω—Ñ–∫–æ–ª–ª—ã. –í–º–µ—Å—Ç–æ —Ä–∞–∑—Ä—ã–≤–æ–≤ —Å–æ–µ–¥–∏–Ω–µ–Ω–∏—è ‚Äî –ø—Ä–æ—Ä—ã–≤–Ω—ã–µ –∏–¥–µ–∏. –õ–∏–Ω–∫—É–π—Ç–µ—Å—å –≤ —á–∞—Ç–∞—Ö, –æ–Ω–ª–∞–π–Ω-–¥–æ—Å–∫–∞—Ö, –≤–∏–¥–µ–æ–∫–æ–Ω—Ñ–µ—Ä–µ–Ω—Ü–∏—è—Ö –∏ –≤ –¥—Ä—É–≥–∏—Ö —Å–µ—Ä–≤–∏—Å–∞—Ö, –Ω–µ –ø–µ—Ä–µ–∂–∏–≤–∞—è –∑–∞ –∫–∞—á–µ—Å—Ç–≤–æ —Å–≤—è–∑–∏ –∏ –±–µ–∑–æ–ø–∞—Å–Ω–æ—Å—Ç—å –≤–∞—à–∏—Ö –¥–∞–Ω–Ω—ã—Ö. –ê –∏—Å–∫—É—Å—Å—Ç–≤–µ–Ω–Ω—ã–π –∏–Ω—Ç–µ–ª–ª–µ–∫—Ç —Ä–∞—Å—à–∏—Ñ—Ä—É–µ—Ç –∑–≤–æ–Ω–æ–∫ –≤ —Ç–µ–∫—Å—Ç –∏ –∞–≤—Ç–æ–º–∞—Ç–∏—á–µ—Å–∫–∏ –ø–æ–¥–≤–µ–¥–µ—Ç –∏—Ç–æ–≥–∏ –≤—Å—Ç—Ä–µ—á–∏.

[–ü–æ–ø—Ä–æ–±—É–π—Ç–µ –±–µ—Å–ø–ª–∞—Ç–Ω–æ.](https://mts-link.ru/?utm_source=mrk_seeding&utm_medium=headlines_for_traders&utm_campaign=stream_mts_link_q1_nontv_2025_&erid=2VfnxyFvDua)",['MTSS'],[],['MTSS'],True,MTSS,–ú–¢–°,—Ç–µ–ª–µ–∫–æ–º–º—É–Ω–∏–∫–∞—Ü–∏–∏,industry,"–í—Å—Ç—Ä–µ—á–∞–π—Ç–µ –ú–¢–° –õ–∏–Ω–∫( –ø–ª–∞—Ç—Ñ–æ—Ä–º—É –¥–ª—è –±–∏–∑–Ω–µ—Å-–∫–æ–º–º—É–Ω–∏–∫–∞—Ü–∏–π, –∫–æ—Ç–æ—Ä–∞—è –∑–∞–ª–∏–Ω–∫—É–µ—Ç —Å–æ—Ç—Ä—É–¥–Ω–∏–∫–æ–≤ –¥–ª—è —ç—Ñ—Ñ–µ–∫—Ç–∏–≤–Ω–æ–π –∏ —Å–ª–∞–∂–µ–Ω–Ω–æ–π —Ä–∞–±–æ—Ç—ã –±–µ–∑ –≤–∞—à–µ–≥–æ –ª–∏—à–Ω–µ–≥–æ –≤–æ–≤–ª–µ—á–µ–Ω–∏—è. –í–º–µ—Å—Ç–æ –¥–æ–ª–≥–∏—Ö –ø–æ–¥–∫–ª—é—á–µ–Ω–∏–π —ç—Ñ—Ñ–µ–∫—Ç–∏–≤–Ω—ã–µ –∫–æ–Ω—Ñ–∫–æ–ª–ª—ã. –í–º–µ—Å—Ç–æ —Ä–∞–∑—Ä—ã–≤–æ–≤ —Å–æ–µ–¥–∏–Ω–µ–Ω–∏—è –ø—Ä–æ—Ä—ã–≤–Ω—ã–µ –∏–¥–µ–∏. –õ–∏–Ω–∫—É–π—Ç–µ—Å—å –≤ —á–∞—Ç–∞—Ö, –æ–Ω–ª–∞–π–Ω-–¥–æ—Å–∫–∞—Ö, –≤–∏–¥–µ–æ–∫–æ–Ω—Ñ–µ—Ä–µ–Ω—Ü–∏—è—Ö –∏ –≤ –¥—Ä—É–≥–∏—Ö —Å–µ—Ä–≤–∏—Å–∞—Ö, –Ω–µ –ø–µ—Ä–µ–∂–∏–≤–∞—è –∑–∞ –∫–∞—á–µ—Å—Ç–≤–æ —Å–≤—è–∑–∏ –∏ –±–µ–∑–æ–ø–∞—Å–Ω–æ—Å—Ç—å –≤–∞—à–∏—Ö –¥–∞–Ω–Ω—ã—Ö. –ê –∏—Å–∫—É—Å—Å—Ç–≤–µ–Ω–Ω—ã–π –∏–Ω—Ç–µ–ª–ª–µ–∫—Ç —Ä–∞—Å—à–∏—Ñ—Ä—É–µ—Ç –∑–≤–æ–Ω–æ–∫ –≤ —Ç–µ–∫—Å—Ç –∏ –∞–≤—Ç–æ–º–∞—Ç–∏—á–µ—Å–∫–∏ –ø–æ–¥–≤–µ–¥–µ—Ç –∏—Ç–æ–≥–∏ –≤—Å—Ç—Ä–µ—á–∏. –ü–æ–ø—Ä–æ–±—É–π—Ç–µ –±–µ—Å–ø–ª–∞—Ç–Ω–æ.("
52249,2025-02-12,"–†–æ—Å—Ç–µ–ª–µ–∫–æ–º –ø—Ä–æ–≤–µ–ª —É—Å–ø–µ—à–Ω—ã–µ –∏—Å–ø—ã—Ç–∞–Ω–∏—è –∏–º–ø–æ—Ä—Ç–æ–∑–∞–º–µ—â–∞—é—â–∏—Ö –æ—Ç–µ—á–µ—Å—Ç–≤–µ–Ω–Ω—ã—Ö –±–∞–∑–æ–≤—ã—Ö —Å—Ç–∞–Ω—Ü–∏–π –ø–æ –æ–±—Å–ª—É–∂–∏–≤–∞–Ω–∏—é –∞–±–æ–Ω–µ–Ω—Ç–æ–≤ —Å–æ—Ç–æ–≤—ã—Ö –æ–ø–µ—Ä–∞—Ç–æ—Ä–æ–≤.

[interfax.ru](https://www.interfax.ru/business/1007405)",['MTSS'],[],['MTSS'],True,MTSS,–ú–¢–°,—Ç–µ–ª–µ–∫–æ–º–º—É–Ω–∏–∫–∞—Ü–∏–∏,industry,–†–æ—Å—Ç–µ–ª–µ–∫–æ–º –ø—Ä–æ–≤–µ–ª —É—Å–ø–µ—à–Ω—ã–µ –∏—Å–ø—ã—Ç–∞–Ω–∏—è –∏–º–ø–æ—Ä—Ç–æ–∑–∞–º–µ—â–∞—é—â–∏—Ö –æ—Ç–µ—á–µ—Å—Ç–≤–µ–Ω–Ω—ã—Ö –±–∞–∑–æ–≤—ã—Ö —Å—Ç–∞–Ω—Ü–∏–π –ø–æ –æ–±—Å–ª—É–∂–∏–≤–∞–Ω–∏—é –∞–±–æ–Ω–µ–Ω—Ç–æ–≤ —Å–æ—Ç–æ–≤—ã—Ö –æ–ø–µ—Ä–∞—Ç–æ—Ä–æ–≤. interfax.ru(
52324,2025-02-13,"‚ùï –î–≤–∏–∂–µ–Ω–∏—è >5% –ø–æ –∏—Ç–æ–≥–∞–º –≤—á–µ—Ä–∞—à–Ω–µ–≥–æ –¥–Ω—è:

   `TGKA    –¢–ì–ö-1       +10.34%`
   `NVTK    –ù–æ–≤–∞—Ç—ç–∫ –∞–æ   +9.37%`
   `LEAS    –ï–≤—Ä–æ–ø–ª–∞–Ω     +8.60%`
   `UPRO    –Æ–Ω–∏–ø—Ä–æ –∞–æ    +8.29%`
   `GAZP    –ì–ê–ó–ü–†–û–ú –∞–æ   +8.13%`
   `VTBR    –í–¢–ë –∞–æ       +7.34%`
   `AFLT    –ê—ç—Ä–æ—Ñ–ª–æ—Ç     +7.30%`
   `ROSN    –†–æ—Å–Ω–µ—Ñ—Ç—å     +7.23%`
   `FLOT    –°–æ–≤–∫–æ–º—Ñ–ª–æ—Ç   +6.91%`
   `SBERP   –°–±–µ—Ä–±–∞–Ω–∫-–ø   +6.79%`
   `SBER    –°–±–µ—Ä–±–∞–Ω–∫     +6.78%`
   `RTKM    –†–æ—Å—Ç–µ–ª -–∞–æ   +6.50%`
   `T       –¢-–¢–µ—Ö–Ω–æ –∞–æ   +6.21%`
   `MTSS    –ú–¢–°-–∞–æ       +6.05%`
   `MOEX    –ú–æ—Å–ë–∏—Ä–∂–∞     +5.96%`
   `TRNFP   –¢—Ä–∞–Ω—Å–Ω—Ñ –∞–ø   +5.86%`
   `CHMF    –°–µ–≤–°—Ç-–∞–æ     +5.76%`
   `TATNP   –¢–∞—Ç–Ω—Ñ—Ç 3–∞–ø   +5.68%`
   `LKOH    –õ–£–ö–û–ô–õ       +5.57%`
   `MTLRP   –ú–µ—á–µ–ª –∞–ø     +5.52%`

__* —Å—Ä–µ–¥–∏ —Ä–æ—Å—Å–∏–π—Å–∫–∏—Ö –∞–∫—Ü–∏–π 1 —ç—à–µ–ª–æ–Ω–∞ —Å —É—á—ë—Ç–æ–º –≤–µ—á–µ—Ä–Ω–µ–π —Å–µ—Å—Å–∏–∏__","['LKOH', 'MTSS', 'VTBR', 'ROSN', 'NVTK']",[],"['LKOH', 'MTSS', 'NVTK', 'ROSN', 'VTBR']",False,MTSS,–ú–¢–°,—Ç–µ–ª–µ–∫–æ–º–º—É–Ω–∏–∫–∞—Ü–∏–∏,industry,–î–≤–∏–∂–µ–Ω–∏—è 5 –ø–æ –∏—Ç–æ–≥–∞–º –≤—á–µ—Ä–∞—à–Ω–µ–≥–æ –¥–Ω—è: TGKA –¢–ì–ö-1 10.34 NVTK –ù–æ–≤–∞—Ç—ç–∫ –∞–æ 9.37 LEAS –ï–≤—Ä–æ–ø–ª–∞–Ω 8.60 UPRO –Æ–Ω–∏–ø—Ä–æ –∞–æ 8.29 GAZP –ì–ê–ó–ü–†–û–ú –∞–æ 8.13 VTBR –í–¢–ë –∞–æ 7.34 AFLT –ê—ç—Ä–æ—Ñ–ª–æ—Ç 7.30 ROSN –†–æ—Å–Ω–µ—Ñ—Ç—å 7.23 FLOT –°–æ–≤–∫–æ–º—Ñ–ª–æ—Ç 6.91 SBERP –°–±–µ—Ä–±–∞–Ω–∫-–ø 6.79 SBER –°–±–µ—Ä–±–∞–Ω–∫ 6.78 RTKM –†–æ—Å—Ç–µ–ª -–∞–æ 6.50 T –¢-–¢–µ—Ö–Ω–æ –∞–æ 6.21 MTSS –ú–¢–°-–∞–æ 6.05 MOEX –ú–æ—Å–ë–∏—Ä–∂–∞ 5.96 TRNFP –¢—Ä–∞–Ω—Å–Ω—Ñ –∞–ø 5.86 CHMF –°–µ–≤–°—Ç-–∞–æ 5.76 TATNP –¢–∞—Ç–Ω—Ñ—Ç 3–∞–ø 5.68 LKOH –õ–£–ö–û–ô–õ 5.57 MTLRP –ú–µ—á–µ–ª –∞–ø 5.52 —Å—Ä–µ–¥–∏ —Ä–æ—Å—Å–∏–π—Å–∫–∏—Ö –∞–∫—Ü–∏–π 1 —ç—à–µ–ª–æ–Ω–∞ —Å —É—á—ë—Ç–æ–º –≤–µ—á–µ—Ä–Ω–µ–π —Å–µ—Å—Å–∏–∏
52350,2025-02-13,"[headlines_for_traders](https://t.me/headlines_for_traders)
#–≤_—Å—Ä–∞–≤–Ω–µ–Ω–∏–∏
__*MOEXTL - –∏–Ω–¥–µ–∫—Å —Å–µ–∫—Ç–æ—Ä–∞ —Ç–µ–ª–µ–∫–æ–º–º—É–Ω–∏–∫–∞—Ü–∏–π__",['MTSS'],[],['MTSS'],True,MTSS,–ú–¢–°,—Ç–µ–ª–µ–∫–æ–º–º—É–Ω–∏–∫–∞—Ü–∏–∏,industry,headlines_for_traders( –≤_—Å—Ä–∞–≤–Ω–µ–Ω–∏–∏ MOEXTL - –∏–Ω–¥–µ–∫—Å —Å–µ–∫—Ç–æ—Ä–∞ —Ç–µ–ª–µ–∫–æ–º–º—É–Ω–∏–∫–∞—Ü–∏–π
68239,2025-02-14,"#MTSS
–ú–¢–° —É–≤–µ–ª–∏—á–∏–ª–∞ –Ω–∞ 5.5% —Å–≤–æ—é –¥–æ–ª—é –≤ —Å–µ—Ä–≤–∏—Å–µ –∫–∏–∫—à–µ—Ä–∏–Ω–≥–∞ –ú–¢–° –Æ—Ä–µ–Ω—Ç, –¥–æ 84.6% ‚Äî –í–µ–¥–æ–º–æ—Å—Ç–∏",['MTSS'],['MTSS'],[],False,MTSS,–ú–¢–°,—Ç–µ–ª–µ–∫–æ–º–º—É–Ω–∏–∫–∞—Ü–∏–∏,company_specific,"MTSS –ú–¢–° —É–≤–µ–ª–∏—á–∏–ª–∞ –Ω–∞ 5.5 —Å–≤–æ—é –¥–æ–ª—é –≤ —Å–µ—Ä–≤–∏—Å–µ –∫–∏–∫—à–µ—Ä–∏–Ω–≥–∞ –ú–¢–° –Æ—Ä–µ–Ω—Ç, –¥–æ 84.6 –í–µ–¥–æ–º–æ—Å—Ç–∏"
52452,2025-02-15,"**–¢–æ–ø-10 –ø–µ—Ä–µ–∫—É–ø–ª–µ–Ω–Ω—ã—Ö —Ä–æ—Å—Å–∏–π—Å–∫–∏—Ö –∞–∫—Ü–∏–π –ø–æ RSI:**

‚óè –ì–∞–∑–ø—Ä–æ–º: 85*
‚óè –Æ–Ω–∏–ø—Ä–æ: 83
‚óè –ü–æ–ª—é—Å: 82
‚óè –ú–æ—Å–±–∏—Ä–∂–∞: 80
‚óè –≠–Ω+: 79
‚óè –°–æ–≤–∫–æ–º–±–∞–Ω–∫: 79
‚óè –ú–¢–°: 78
‚óè –°–±–µ—Ä –ê–ü: 78
‚óè –°–±–µ—Ä –ê–û: 77
‚óè –ù–æ–≤–∞—Ç—ç–∫: 77
‚óè **IMOEX: 77**

[bcs-express.ru](https://bcs-express.ru/novosti-i-analitika/top-10-perekuplennykh-aktsii-v-fevrale-2025)
__* RSI - –∏–Ω–¥–∏–∫–∞—Ç–æ—Ä, –ø–æ–∫–∞–∑—ã–≤–∞—é—â–∏–π —Å–æ–æ—Ç–Ω–æ—à–µ–Ω–∏–µ –ø–æ–ª–æ–∂–∏—Ç–µ–ª—å–Ω—ã—Ö –∏ –æ—Ç—Ä–∏—Ü–∞—Ç–µ–ª—å–Ω—ã—Ö –∏–∑–º–µ–Ω–µ–Ω–∏–π —Ü–µ–Ω—ã__","['NVTK', 'MTSS']",[],"['MTSS', 'NVTK']",False,MTSS,–ú–¢–°,—Ç–µ–ª–µ–∫–æ–º–º—É–Ω–∏–∫–∞—Ü–∏–∏,industry,"–¢–æ–ø-10 –ø–µ—Ä–µ–∫—É–ø–ª–µ–Ω–Ω—ã—Ö —Ä–æ—Å—Å–∏–π—Å–∫–∏—Ö –∞–∫—Ü–∏–π –ø–æ RSI: –ì–∞–∑–ø—Ä–æ–º: 85 –Æ–Ω–∏–ø—Ä–æ: 83 –ü–æ–ª—é—Å: 82 –ú–æ—Å–±–∏—Ä–∂–∞: 80 –≠–Ω: 79 –°–æ–≤–∫–æ–º–±–∞–Ω–∫: 79 –ú–¢–°: 78 –°–±–µ—Ä –ê–ü: 78 –°–±–µ—Ä –ê–û: 77 –ù–æ–≤–∞—Ç—ç–∫: 77 IMOEX: 77 bcs-express.ru( RSI - –∏–Ω–¥–∏–∫–∞—Ç–æ—Ä, –ø–æ–∫–∞–∑—ã–≤–∞—é—â–∏–π —Å–æ–æ—Ç–Ω–æ—à–µ–Ω–∏–µ –ø–æ–ª–æ–∂–∏—Ç–µ–ª—å–Ω—ã—Ö –∏ –æ—Ç—Ä–∏—Ü–∞—Ç–µ–ª—å–Ω—ã—Ö –∏–∑–º–µ–Ω–µ–Ω–∏–π —Ü–µ–Ω—ã"
52565,2025-02-18,"**–ú–¢–° (MTSS): 0.7% —Å –Ω–∞—á–∞–ª–∞ 2024 –≥–æ–¥–∞**

‚Äã[headlines_for_traders](https://t.me/headlines_for_traders)
#—Ä–∞–∑–±–æ—Ä_–ø–æ–ª—ë—Ç–æ–≤",['MTSS'],[],['MTSS'],True,MTSS,–ú–¢–°,—Ç–µ–ª–µ–∫–æ–º–º—É–Ω–∏–∫–∞—Ü–∏–∏,industry,–ú–¢–° (MTSS): 0.7 —Å –Ω–∞—á–∞–ª–∞ 2024 –≥–æ–¥–∞ headlines_for_traders( —Ä–∞–∑–±–æ—Ä_–ø–æ–ª—ë—Ç–æ–≤
68398,2025-02-20,"#–≠–ª–µ–∫—Ç—Ä–æ–∫–∞—Ä—ã #HYPR
**–í –†–æ—Å—Å–∏–∏ —Ä–∞—Å—Ç–µ—Ç –ø–æ–ø—É–ª—è—Ä–Ω–æ—Å—Ç—å —ç–ª–µ–∫—Ç—Ä–æ–º–æ–±–∏–ª–µ–π ‚Äî **[**–ú–¢–° AdTech**](https://rg.ru/2025/02/18/issledovanie-populiarnost-elektrokarov-v-rossii-rastet.html)

–ü—Ä–∏—Ä–æ—Å—Ç –∏–Ω–¥–µ–∫—Å–∞ —ç–ª–µ–∫—Ç—Ä–æ–º–æ–±–∏–ª–µ–π –≤ 2024 –≥–æ–¥—É –ø–æ —Å—Ä–∞–≤–Ω–µ–Ω–∏—é —Å 2023-–º —Å–æ—Å—Ç–∞–≤–∏–ª 39%. –î–ª—è —Ä–∞—Å—á–µ—Ç–∞ –ø–æ–∫–∞–∑–∞—Ç–µ–ª—è –∏–∑—É—á–∞–ª–æ—Å—å —Å–æ–æ—Ç–Ω–æ—à–µ–Ω–∏–µ –∫–æ–ª–∏—á–µ—Å—Ç–≤–∞ –æ–ø–ª–∞—Ç –ø–æ—Ç—Ä–µ–±–∏—Ç–µ–ª—è–º–∏ —É—Å–ª—É–≥ —ç–ª–µ–∫—Ç—Ä–æ–∑–∞—Ä—è–¥–Ω—ã—Ö —Å—Ç–∞–Ω—Ü–∏–π –∫ —á–∏—Å–ª—É –æ–ø–ª–∞—Ç –Ω–∞ –∞–≤—Ç–æ–∑–∞–ø—Ä–∞–≤–∫–∞—Ö. –ê–Ω–∞–ª–∏—Ç–∏–∫–∏ –æ—Ç–º–µ—á–∞—é—Ç, —á—Ç–æ –∏–Ω–¥–µ–∫—Å —ç–ª–µ–∫—Ç—Ä–æ–º–æ–±–∏–ª–µ–π –≤ –†–æ—Å—Å–∏–∏ –≤—ã—Ä–æ—Å –∑–∞ –¥–≤–∞ –≥–æ–¥–∞ –Ω–∞ 86%, –∞ —á–∏—Å–ª–æ –∞–≤—Ç–æ, –∏—Å–ø–æ–ª—å–∑—É—é—â–∏—Ö –¥–ª—è –ø–µ—Ä–µ–¥–≤–∏–∂–µ–Ω–∏—è —ç–ª–µ–∫—Ç—Ä–∏—á–µ—Å–∫—É—é —ç–Ω–µ—Ä–≥–∏—é, —É–≤–µ–ª–∏—á–∏–ª–æ—Å—å –Ω–∞ —Ç—Ä–µ—Ç—å.",['MTSS'],[],['MTSS'],False,MTSS,–ú–¢–°,—Ç–µ–ª–µ–∫–æ–º–º—É–Ω–∏–∫–∞—Ü–∏–∏,industry,"–≠–ª–µ–∫—Ç—Ä–æ–∫–∞—Ä—ã HYPR –í –†–æ—Å—Å–∏–∏ —Ä–∞—Å—Ç–µ—Ç –ø–æ–ø—É–ª—è—Ä–Ω–æ—Å—Ç—å —ç–ª–µ–∫—Ç—Ä–æ–º–æ–±–∏–ª–µ–π –ú–¢–° AdTech( –ü—Ä–∏—Ä–æ—Å—Ç –∏–Ω–¥–µ–∫—Å–∞ —ç–ª–µ–∫—Ç—Ä–æ–º–æ–±–∏–ª–µ–π –≤ 2024 –≥–æ–¥—É –ø–æ —Å—Ä–∞–≤–Ω–µ–Ω–∏—é —Å 2023-–º —Å–æ—Å—Ç–∞–≤–∏–ª 39. –î–ª—è —Ä–∞—Å—á–µ—Ç–∞ –ø–æ–∫–∞–∑–∞—Ç–µ–ª—è –∏–∑—É—á–∞–ª–æ—Å—å —Å–æ–æ—Ç–Ω–æ—à–µ–Ω–∏–µ –∫–æ–ª–∏—á–µ—Å—Ç–≤–∞ –æ–ø–ª–∞—Ç –ø–æ—Ç—Ä–µ–±–∏—Ç–µ–ª—è–º–∏ —É—Å–ª—É–≥ —ç–ª–µ–∫—Ç—Ä–æ–∑–∞—Ä—è–¥–Ω—ã—Ö —Å—Ç–∞–Ω—Ü–∏–π –∫ —á–∏—Å–ª—É –æ–ø–ª–∞—Ç –Ω–∞ –∞–≤—Ç–æ–∑–∞–ø—Ä–∞–≤–∫–∞—Ö. –ê–Ω–∞–ª–∏—Ç–∏–∫–∏ –æ—Ç–º–µ—á–∞—é—Ç, —á—Ç–æ –∏–Ω–¥–µ–∫—Å —ç–ª–µ–∫—Ç—Ä–æ–º–æ–±–∏–ª–µ–π –≤ –†–æ—Å—Å–∏–∏ –≤—ã—Ä–æ—Å –∑–∞ –¥–≤–∞ –≥–æ–¥–∞ –Ω–∞ 86, –∞ —á–∏—Å–ª–æ –∞–≤—Ç–æ, –∏—Å–ø–æ–ª—å–∑—É—é—â–∏—Ö –¥–ª—è –ø–µ—Ä–µ–¥–≤–∏–∂–µ–Ω–∏—è —ç–ª–µ–∫—Ç—Ä–∏—á–µ—Å–∫—É—é —ç–Ω–µ—Ä–≥–∏—é, —É–≤–µ–ª–∏—á–∏–ª–æ—Å—å –Ω–∞ —Ç—Ä–µ—Ç—å."
68515,2025-02-26,"#RTKM #RTKMP
**–í—ã—Ä—É—á–∫–∞ –†–æ—Å—Ç–µ–ª–µ–∫–æ–º–∞ –≤ IV –∫–≤–∞—Ä—Ç–∞–ª–µ –≤—ã—Ä–æ—Å–ª–∞ –Ω–∞ 12% - –¥–æ 233,9 –º–ª—Ä–¥ —Ä—É–±–ª–µ–π**
–í—ã—Ä—É—á–∫–∞ –ü–ê–û ""–†–æ—Å—Ç–µ–ª–µ–∫–æ–º"" –≤ IV –∫–≤–∞—Ä—Ç–∞–ª–µ 2024 –≥–æ–¥–∞ —Å–æ—Å—Ç–∞–≤–∏–ª–∞ 233,9 –º–ª—Ä–¥ —Ä—É–±–ª–µ–π, —á—Ç–æ –Ω–∞ 12% –±–æ–ª—å—à–µ, —á–µ–º –∑–∞ –∞–Ω–∞–ª–æ–≥–∏—á–Ω—ã–π –ø–µ—Ä–∏–æ–¥ –ø—Ä–µ–¥—ã–¥—É—â–µ–≥–æ –≥–æ–¥–∞, –≥–æ–≤–æ—Ä–∏—Ç—Å—è –≤ —Å–æ–æ–±—â–µ–Ω–∏–∏ –∫–æ–º–ø–∞–Ω–∏–∏.

[RTKM](https://www.tinkoff.ru/invest/stocks/RTKM?utm_source=security_share) 79.01‚ÇΩ
[RTKMP](https://www.tinkoff.ru/invest/stocks/RTKMP?utm_source=security_share) 68.6‚ÇΩ

üëâ[–ü–æ–ª–Ω–∞—è –Ω–æ–≤–æ—Å—Ç—å](http://telegra.ph/Vyruchka-Rostelekoma-v-IV-kvartale-vyrosla-na-12---do-2339-mlrd-rublej-02-26-2)

**–ó–∞–º–µ—á–µ–Ω–æ –®–ø–∏–æ–Ω–æ–º –†–¶–ë.
–ü–æ–¥–∫–ª—é—á–∏—Ç—å:** @StockSpy_bot",['MTSS'],[],['MTSS'],False,MTSS,–ú–¢–°,—Ç–µ–ª–µ–∫–æ–º–º—É–Ω–∏–∫–∞—Ü–∏–∏,industry,"RTKM RTKMP –í—ã—Ä—É—á–∫–∞ –†–æ—Å—Ç–µ–ª–µ–∫–æ–º–∞ –≤ IV –∫–≤–∞—Ä—Ç–∞–ª–µ –≤—ã—Ä–æ—Å–ª–∞ –Ω–∞ 12 - –¥–æ 233,9 –º–ª—Ä–¥ —Ä—É–±–ª–µ–π –í—ã—Ä—É—á–∫–∞ –ü–ê–û ""–†–æ—Å—Ç–µ–ª–µ–∫–æ–º"" –≤ IV –∫–≤–∞—Ä—Ç–∞–ª–µ 2024 –≥–æ–¥–∞ —Å–æ—Å—Ç–∞–≤–∏–ª–∞ 233,9 –º–ª—Ä–¥ —Ä—É–±–ª–µ–π, —á—Ç–æ –Ω–∞ 12 –±–æ–ª—å—à–µ, —á–µ–º –∑–∞ –∞–Ω–∞–ª–æ–≥–∏—á–Ω—ã–π –ø–µ—Ä–∏–æ–¥ –ø—Ä–µ–¥—ã–¥—É—â–µ–≥–æ –≥–æ–¥–∞, –≥–æ–≤–æ—Ä–∏—Ç—Å—è –≤ —Å–æ–æ–±—â–µ–Ω–∏–∏ –∫–æ–º–ø–∞–Ω–∏–∏. RTKM( 79.01 RTKMP( 68.6 –ü–æ–ª–Ω–∞—è –Ω–æ–≤–æ—Å—Ç—å( –ó–∞–º–µ—á–µ–Ω–æ –®–ø–∏–æ–Ω–æ–º –†–¶–ë. –ü–æ–¥–∫–ª—é—á–∏—Ç—å: StockSpy_bot"
68530,2025-02-26,"#RTKM #RTKMP
**–ù–æ–≤–∞—è —Å—Ç—Ä–∞—Ç–µ–≥–∏—è –†–æ—Å—Ç–µ–ª–µ–∫–æ–º–∞ –º–æ–∂–µ—Ç –±—ã—Ç—å –≤—ã–Ω–µ—Å–µ–Ω–∞ –Ω–∞ —É—Ç–≤–µ—Ä–∂–¥–µ–Ω–∏–µ —Å–æ–≤–µ—Ç–∞ –¥–∏—Ä–µ–∫—Ç–æ—Ä–æ–≤ –≤–æ II –ø–æ–ª—É–≥–æ–¥–∏–∏** ‚Äî –∫–æ–º–ø–∞–Ω–∏—è",['MTSS'],[],['MTSS'],False,MTSS,–ú–¢–°,—Ç–µ–ª–µ–∫–æ–º–º—É–Ω–∏–∫–∞—Ü–∏–∏,industry,RTKM RTKMP –ù–æ–≤–∞—è —Å—Ç—Ä–∞—Ç–µ–≥–∏—è –†–æ—Å—Ç–µ–ª–µ–∫–æ–º–∞ –º–æ–∂–µ—Ç –±—ã—Ç—å –≤—ã–Ω–µ—Å–µ–Ω–∞ –Ω–∞ —É—Ç–≤–µ—Ä–∂–¥–µ–Ω–∏–µ —Å–æ–≤–µ—Ç–∞ –¥–∏—Ä–µ–∫—Ç–æ—Ä–æ–≤ –≤–æ II –ø–æ–ª—É–≥–æ–¥–∏–∏ –∫–æ–º–ø–∞–Ω–∏—è
53081,2025-02-27,"–†–æ—Å—Ç–µ–ª–µ–∫–æ–º **(RTKM)** –≤—á–µ—Ä–∞: **-7.5%**

–ö–æ–º–ø–∞–Ω–∏—è –æ—Ç—á–∏—Ç–∞–ª–∞—Å—å –∑–∞ IV –∫–≤–∞—Ä—Ç–∞–ª –∏ 2024 –≥. –ó–∞ –≥–æ–¥ —á–∏—Å—Ç–∞—è –ø—Ä–∏–±—ã–ª—å —Å–Ω–∏–∑–∏–ª–∞—Å—å –Ω–∞ 43% –∏–∑-–∑–∞ —É–≤–µ–ª–∏—á–µ–Ω–∏—è –ø—Ä–æ—Ü–µ–Ω—Ç–Ω—ã—Ö —Ä–∞—Å—Ö–æ–¥–æ–≤.

–†–∞—Å–ø—Ä–æ–¥–∞–∂—É –±—É–º–∞–≥ –†–æ—Å—Ç–µ–ª–µ–∫–æ–º–∞ –º–æ–≥–ª–æ —Å–ø—Ä–æ–≤–æ—Ü–∏—Ä–æ–≤–∞—Ç—å —Ç–æ, —á—Ç–æ –º–µ–Ω–µ–¥–∂–º–µ–Ω—Ç –≤–Ω–æ–≤—å –Ω–µ –ø–æ—Å—á–∏—Ç–∞–ª –ª–æ–≥–∏—á–Ω—ã–º –ø—Ä–æ–≤–µ–¥–µ–Ω–∏–µ IPO –¥–æ—á–µ—Ä–Ω–∏—Ö –±–∏–∑–Ω–µ—Å–æ–≤ –ø—Ä–∏ —Ç–µ–∫—É—â–µ–π –≤—ã—Å–æ–∫–æ–π –∫–ª—é—á–µ–≤–æ–π —Å—Ç–∞–≤–∫–µ.

[bcs-express.ru](https://bcs-express.ru/novosti-i-analitika/itogi-torgov-prichin-dlia-snizheniia-vse-bol-she)",['MTSS'],[],['MTSS'],True,MTSS,–ú–¢–°,—Ç–µ–ª–µ–∫–æ–º–º—É–Ω–∏–∫–∞—Ü–∏–∏,industry,"–†–æ—Å—Ç–µ–ª–µ–∫–æ–º (RTKM) –≤—á–µ—Ä–∞: -7.5 –ö–æ–º–ø–∞–Ω–∏—è –æ—Ç—á–∏—Ç–∞–ª–∞—Å—å –∑–∞ IV –∫–≤–∞—Ä—Ç–∞–ª –∏ 2024 –≥. –ó–∞ –≥–æ–¥ —á–∏—Å—Ç–∞—è –ø—Ä–∏–±—ã–ª—å —Å–Ω–∏–∑–∏–ª–∞—Å—å –Ω–∞ 43 –∏–∑-–∑–∞ —É–≤–µ–ª–∏—á–µ–Ω–∏—è –ø—Ä–æ—Ü–µ–Ω—Ç–Ω—ã—Ö —Ä–∞—Å—Ö–æ–¥–æ–≤. –†–∞—Å–ø—Ä–æ–¥–∞–∂—É –±—É–º–∞–≥ –†–æ—Å—Ç–µ–ª–µ–∫–æ–º–∞ –º–æ–≥–ª–æ —Å–ø—Ä–æ–≤–æ—Ü–∏—Ä–æ–≤–∞—Ç—å —Ç–æ, —á—Ç–æ –º–µ–Ω–µ–¥–∂–º–µ–Ω—Ç –≤–Ω–æ–≤—å –Ω–µ –ø–æ—Å—á–∏—Ç–∞–ª –ª–æ–≥–∏—á–Ω—ã–º –ø—Ä–æ–≤–µ–¥–µ–Ω–∏–µ IPO –¥–æ—á–µ—Ä–Ω–∏—Ö –±–∏–∑–Ω–µ—Å–æ–≤ –ø—Ä–∏ —Ç–µ–∫—É—â–µ–π –≤—ã—Å–æ–∫–æ–π –∫–ª—é—á–µ–≤–æ–π —Å—Ç–∞–≤–∫–µ. bcs-express.ru("
68674,2025-03-04,"#MTSS
**–ö–û–ù–°–ï–ù–°–£–°: –ú–¢–° –≤ IV –∫–≤. –Ω–∞—Ä–∞—Å—Ç–∏–ª–∞ –≤—ã—Ä—É—á–∫—É –Ω–∞ 13,6%, –¥–æ 190,7 –º–ª—Ä–¥ —Ä—É–±., OIBDA - –Ω–∞ 5,7%**
–ü–ê–û ""–ú–¢–°"" –≤ IV –∫–≤–∞—Ä—Ç–∞–ª–µ 2024 –≥–æ–¥–∞ –ø–æ–ª—É—á–∏–ª–æ –≤—ã—Ä—É—á–∫—É –≤ 190,73 –º–ª—Ä–¥ —Ä—É–±–ª–µ–π, —á—Ç–æ –Ω–∞ 13,6% –≤—ã—à–µ –ø–æ–∫–∞–∑–∞—Ç–µ–ª—è –∞–Ω–∞–ª–æ–≥–∏—á–Ω–æ–≥–æ –ø–µ—Ä–∏–æ–¥–∞ 2023 –≥–æ–¥–∞, —Ç–∞–∫–æ–≤ –∫–æ–Ω—Å–µ–Ω—Å—É—Å-–ø—Ä–æ–≥–Ω–æ–∑ ""–ò–Ω—Ç–µ—Ä—Ñ–∞–∫—Å–∞"", —Å–æ—Å—Ç–∞–≤–ª–µ–Ω–Ω—ã–π –Ω–∞ –æ—Å–Ω–æ–≤–µ –ø—Ä–æ–≥–Ω–æ–∑–æ–≤ –∞–Ω–∞–ª–∏—Ç–∏–∫–æ–≤ 8 –∏–Ω–≤–µ—Å—Ç–∫–æ–º–ø–∞–Ω–∏–π –∏ –±–∞–Ω–∫–æ–≤.

[MTSS](https://www.tinkoff.ru/invest/stocks/MTSS?utm_source=security_share) 245.65‚ÇΩ

üëâ[–ü–æ–ª–Ω–∞—è –Ω–æ–≤–æ—Å—Ç—å](http://telegra.ph/KONSENSUS-MTS-v-IV-kv-narastila-vyruchku-na-136-do-1907-mlrd-rub-OIBDA---na-57-03-04-3)

**–ó–∞–º–µ—á–µ–Ω–æ –®–ø–∏–æ–Ω–æ–º –†–¶–ë.
–ü–æ–¥–∫–ª—é—á–∏—Ç—å:** @StockSpy_bot",['MTSS'],['MTSS'],[],False,MTSS,–ú–¢–°,—Ç–µ–ª–µ–∫–æ–º–º—É–Ω–∏–∫–∞—Ü–∏–∏,company_specific,"MTSS –ö–û–ù–°–ï–ù–°–£–°: –ú–¢–° –≤ IV –∫–≤. –Ω–∞—Ä–∞—Å—Ç–∏–ª–∞ –≤—ã—Ä—É—á–∫—É –Ω–∞ 13,6, –¥–æ 190,7 –º–ª—Ä–¥ —Ä—É–±., OIBDA - –Ω–∞ 5,7 –ü–ê–û ""–ú–¢–°"" –≤ IV –∫–≤–∞—Ä—Ç–∞–ª–µ 2024 –≥–æ–¥–∞ –ø–æ–ª—É—á–∏–ª–æ –≤—ã—Ä—É—á–∫—É –≤ 190,73 –º–ª—Ä–¥ —Ä—É–±–ª–µ–π, —á—Ç–æ –Ω–∞ 13,6 –≤—ã—à–µ –ø–æ–∫–∞–∑–∞—Ç–µ–ª—è –∞–Ω–∞–ª–æ–≥–∏—á–Ω–æ–≥–æ –ø–µ—Ä–∏–æ–¥–∞ 2023 –≥–æ–¥–∞, —Ç–∞–∫–æ–≤ –∫–æ–Ω—Å–µ–Ω—Å—É—Å-–ø—Ä–æ–≥–Ω–æ–∑ ""–ò–Ω—Ç–µ—Ä—Ñ–∞–∫—Å–∞"", —Å–æ—Å—Ç–∞–≤–ª–µ–Ω–Ω—ã–π –Ω–∞ –æ—Å–Ω–æ–≤–µ –ø—Ä–æ–≥–Ω–æ–∑–æ–≤ –∞–Ω–∞–ª–∏—Ç–∏–∫–æ–≤ 8 –∏–Ω–≤–µ—Å—Ç–∫–æ–º–ø–∞–Ω–∏–π –∏ –±–∞–Ω–∫–æ–≤. MTSS( 245.65 –ü–æ–ª–Ω–∞—è –Ω–æ–≤–æ—Å—Ç—å( –ó–∞–º–µ—á–µ–Ω–æ –®–ø–∏–æ–Ω–æ–º –†–¶–ë. –ü–æ–¥–∫–ª—é—á–∏—Ç—å: StockSpy_bot"
68692,2025-03-05,"#MTSS
–ú–¢–° –í IV –ö–í. –ù–ê–†–ê–°–¢–ò–õ–ê OIBDA –ù–ê 6,6% - –î–û 60,4 –ú–õ–†–î –†–£–ë. (–ö–û–ù–°–ï–ù–°–£–° 59,93 –ú–õ–†–î –†–£–ë.) - –û–¢–ß–ï–¢


[MTSS](https://www.tinkoff.ru/invest/stocks/MTSS?utm_source=security_share) 246.75‚ÇΩ

**–ó–∞–º–µ—á–µ–Ω–æ –®–ø–∏–æ–Ω–æ–º –†–¶–ë.
–ü–æ–¥–∫–ª—é—á–∏—Ç—å:** @StockSpy_bot",['MTSS'],['MTSS'],[],False,MTSS,–ú–¢–°,—Ç–µ–ª–µ–∫–æ–º–º—É–Ω–∏–∫–∞—Ü–∏–∏,company_specific,"MTSS –ú–¢–° –í IV –ö–í. –ù–ê–†–ê–°–¢–ò–õ–ê OIBDA –ù–ê 6,6 - –î–û 60,4 –ú–õ–†–î –†–£–ë. (–ö–û–ù–°–ï–ù–°–£–° 59,93 –ú–õ–†–î –†–£–ë.) - –û–¢–ß–ï–¢ MTSS( 246.75 –ó–∞–º–µ—á–µ–Ω–æ –®–ø–∏–æ–Ω–æ–º –†–¶–ë. –ü–æ–¥–∫–ª—é—á–∏—Ç—å: StockSpy_bot"
68689,2025-03-05,"–ß–ò–°–¢–ê–Ø –ü–†–ò–ë–´–õ–¨ –ú–¢–°-–ë–ê–ù–ö–ê –ü–û –ú–°–§–û –í 2024 –ì–û–î–£ –°–ù–ò–ó–ò–õ–ê–°–¨ –î–û 12,4 –ú–õ–†–î –†–£–ë. –° 12,5 –ú–õ–†–î –†–£–ë. –ì–û–î–û–ú –†–ê–ù–ï–ï - –û–¢–ß–ï–¢–ù–û–°–¢–¨


**–ó–∞–º–µ—á–µ–Ω–æ –®–ø–∏–æ–Ω–æ–º –†–¶–ë.
–ü–æ–¥–∫–ª—é—á–∏—Ç—å:** @StockSpy_bot",['MTSS'],[],['MTSS'],False,MTSS,–ú–¢–°,—Ç–µ–ª–µ–∫–æ–º–º—É–Ω–∏–∫–∞—Ü–∏–∏,industry,"–ß–ò–°–¢–ê–Ø –ü–†–ò–ë–´–õ–¨ –ú–¢–°-–ë–ê–ù–ö–ê –ü–û –ú–°–§–û –í 2024 –ì–û–î–£ –°–ù–ò–ó–ò–õ–ê–°–¨ –î–û 12,4 –ú–õ–†–î –†–£–ë. –° 12,5 –ú–õ–†–î –†–£–ë. –ì–û–î–û–ú –†–ê–ù–ï–ï - –û–¢–ß–ï–¢–ù–û–°–¢–¨ –ó–∞–º–µ—á–µ–Ω–æ –®–ø–∏–æ–Ω–æ–º –†–¶–ë. –ü–æ–¥–∫–ª—é—á–∏—Ç—å: StockSpy_bot"
53361,2025-03-05,"‚ùï –î–≤–∏–∂–µ–Ω–∏—è >5% –ø–æ –∏—Ç–æ–≥–∞–º –≤—á–µ—Ä–∞—à–Ω–µ–≥–æ –¥–Ω—è:

   `LEAS    –ï–≤—Ä–æ–ø–ª–∞–Ω     +9.55%`
   `MRKC    –†–æ—Å—Å–¶–µ–Ω—Ç—Ä    +7.54%`
   `VSMO    –í–°–ú–ü–û-–ê–í–°–ú   +6.56%`
   `MBNK    –ú–¢–° –ë–∞–Ω–∫     +6.38%`
   `UPRO    –Æ–Ω–∏–ø—Ä–æ –∞–æ    +6.18%`
   `IVAT    i–ò–í–ê         +6.15%`
   `YDEX    –Ø–ù–î–ï–ö–°       +5.49%`
   `SMLT    –°–∞–º–æ–ª–µ—Ç –∞–æ   +5.39%`
   `T       –¢-–¢–µ—Ö–Ω–æ –∞–æ   +5.23%`
   `VSEH    –í–ò.—Ä—É        +5.09%`
   `NVTK    –ù–æ–≤–∞—Ç—ç–∫ –∞–æ   +5.08%`

__* —Å—Ä–µ–¥–∏ —Ä–æ—Å—Å–∏–π—Å–∫–∏—Ö –∞–∫—Ü–∏–π 1 –∏ 2 —ç—à–µ–ª–æ–Ω–æ–≤ —Å —É—á—ë—Ç–æ–º —É—Ç—Ä–µ–Ω–Ω–µ–π, –æ—Å–Ω–æ–≤–Ω–æ–π –∏ –≤–µ—á–µ—Ä–Ω–µ–π —Å–µ—Å—Å–∏–π__","['NVTK', 'MTSS']",[],"['MTSS', 'NVTK']",False,MTSS,–ú–¢–°,—Ç–µ–ª–µ–∫–æ–º–º—É–Ω–∏–∫–∞—Ü–∏–∏,industry,"–î–≤–∏–∂–µ–Ω–∏—è 5 –ø–æ –∏—Ç–æ–≥–∞–º –≤—á–µ—Ä–∞—à–Ω–µ–≥–æ –¥–Ω—è: LEAS –ï–≤—Ä–æ–ø–ª–∞–Ω 9.55 MRKC –†–æ—Å—Å–¶–µ–Ω—Ç—Ä 7.54 VSMO –í–°–ú–ü–û-–ê–í–°–ú 6.56 MBNK –ú–¢–° –ë–∞–Ω–∫ 6.38 UPRO –Æ–Ω–∏–ø—Ä–æ –∞–æ 6.18 IVAT i–ò–í–ê 6.15 YDEX –Ø–ù–î–ï–ö–° 5.49 SMLT –°–∞–º–æ–ª–µ—Ç –∞–æ 5.39 T –¢-–¢–µ—Ö–Ω–æ –∞–æ 5.23 VSEH –í–ò.—Ä—É 5.09 NVTK –ù–æ–≤–∞—Ç—ç–∫ –∞–æ 5.08 —Å—Ä–µ–¥–∏ —Ä–æ—Å—Å–∏–π—Å–∫–∏—Ö –∞–∫—Ü–∏–π 1 –∏ 2 —ç—à–µ–ª–æ–Ω–æ–≤ —Å —É—á—ë—Ç–æ–º —É—Ç—Ä–µ–Ω–Ω–µ–π, –æ—Å–Ω–æ–≤–Ω–æ–π –∏ –≤–µ—á–µ—Ä–Ω–µ–π —Å–µ—Å—Å–∏–π"
53392,2025-03-05,"–ú–¢–° –ø–ª–∞–Ω–∏—Ä—É–µ—Ç IPO –ú–¢–° AdTech –∏ ""–ú–¢–° –Æ—Ä–µ–Ω—Ç""

[tass.ru](https://tass.ru/ekonomika/23312859)",['MTSS'],[],['MTSS'],False,MTSS,–ú–¢–°,—Ç–µ–ª–µ–∫–æ–º–º—É–Ω–∏–∫–∞—Ü–∏–∏,industry,"–ú–¢–° –ø–ª–∞–Ω–∏—Ä—É–µ—Ç IPO –ú–¢–° AdTech –∏ ""–ú–¢–° –Æ—Ä–µ–Ω—Ç"" tass.ru("
69156,2025-03-26,"**üëç****¬†–ß—Ç–æ –±—ã–ª–æ —Å–µ–≥–æ–¥–Ω—è**

üñ®¬†**–ê—Ä–µ–Ω–∞–¥–∞—Ç–∞: **[–ú–°–§–û](https://t.me/cbrstocks/69126)**¬†2024**
–£–ø—Ä–∞–≤–ª–µ–Ω—á–µ—Å–∫–∞—è —á–∏—Å—Ç–∞—è –ø—Ä–∏–±—ã–ª—å: 2.2 –º–ª—Ä–¥ —Ä—É–± (+62% –≥/–≥)

üñ®**¬†–ù–æ–≤–∞–±–µ–≤: **[**–ú–°–§–û**](https://t.me/cbrstocks/69127)**¬†2024**
–ß–∏—Å—Ç–∞—è –ø—Ä–∏–±—ã–ª—å: 4.58 –º–ª—Ä–¥ —Ä—É–± (-43% –≥/–≥)

üñ®¬†**–†–µ–∑—É–ª—å—Ç–∞—Ç—ã –±–∞–Ω–∫–æ–≤ –ø–æ **[**–†–°–ë–£**](https://t.me/cbrstocks/69128)**¬†–∑–∞ —è–Ω–≤–∞—Ä—å-—Ñ–µ–≤—Ä–∞–ª—å 2025: 
**
**–°–æ–≤–∫–æ–º–±–∞–Ω–∫: —É**–±—ã—Ç–æ–∫ 12.14 –º–ª—Ä–¥ —Ä—É–± (–≥–æ–¥–æ–º —Ä–∞–Ω–µ–µ –ø—Ä–∏–±—ã–ª—å 6,44 –º–ª—Ä–¥)
**–í–¢–ë: —á**–∏—Å—Ç–∞—è –ø—Ä–∏–±—ã–ª—å 39.61 –º–ª—Ä–¥ —Ä—É–± (+29% –≥/–≥)
**–ú–¢–°-–ë–∞–Ω–∫: —á**–∏—Å—Ç–∞—è –ø—Ä–∏–±—ã–ª—å 171.6 –º–ª–Ω —Ä—É–± (—Å–Ω–∏–∂–µ–Ω–∏–µ –≤ 9,6 —Ä–∞–∑–∞)

**‚ö°Ô∏è****¬†–í –ø–æ—Ä—Ç–∞—Ö –ï–° **[**–Ω–∞—á–∞–ª –¥–µ–π—Å—Ç–≤–æ–≤–∞—Ç—å**](https://t.me/cbrstocks/69131)**¬†–∑–∞–ø—Ä–µ—Ç –Ω–∞ –æ–∫–∞–∑–∞–Ω–∏–µ —É—Å–ª—É–≥ –ø–µ—Ä–µ–≤–∞–ª–∫–∏ —Ä–æ—Å—Å–∏–π—Å–∫–æ–≥–æ –°–ü–ì**¬†‚Äî  –í–µ–¥–æ–º–æ—Å—Ç–∏

**üöó****¬†–û—Ñ–∏—Ü–∏–∞–ª—å–Ω—ã–µ –ø—Ä–æ–¥–∞–∂–∏ –∞–≤—Ç–æ Lixiang **[**–Ω–∞—á–Ω—É—Ç—Å—è**](https://t.me/cbrstocks/69133)**¬†–≤ –†–§ –≤–æ II –∫–≤–∞—Ä—Ç–∞–ª–µ**¬†‚Äî –ò–∑–≤–µ—Å—Ç–∏—è

**‚ö°Ô∏è****¬†–í–µ–¥—É—â–∏–µ —ç–Ω–µ—Ä–≥–æ—Ç—Ä–µ–π–¥–µ—Ä—ã Gunvor –∏ Mercuria Energy **[—Å–æ—á–ª–∏ –≤–æ–∑–º–æ–∂–Ω—ã–º](https://t.me/cbrstocks/69134)**¬†–≤–æ–∑–≤—Ä–∞—â–µ–Ω–∏–µ –≤ –†–æ—Å—Å–∏—é**¬†‚Äî –†–ë–ö

üñ®¬†**–†—É—Å—Å–Ω–µ—Ñ—Ç—å:**[**¬†–ú–°–§–û**](https://t.me/cbrstocks/69142)**¬†2024**
–ß–∏—Å—Ç–∞—è –ø—Ä–∏–±—ã–ª—å 54.34 –º–ª—Ä–¥ —Ä—É–± (+165% –≥/–≥)

**üá≠üá∫****üá∑üá∫****¬†–í–µ–Ω–≥—Ä–∏—è –∏ –†–§**[¬†**–¥o–≥o–≤o—Ä–∏–ª–∏—Å—å**](https://t.me/cbrstocks/69140)**¬†o —Äa—Å—à–∏—Ä–µ–Ω–∏–∏ —Åo—Ç—Ä—É–¥–Ω–∏—á–µ—Å—Ç–≤a –≤ —Å—Ñ–µ—Äa—Ö, –Ω–µ –∑a—Ç—Äo–Ω—É—Ç—ã—Ö —Åa–Ω–∫—Ü–∏—è–º–∏ **¬†‚Äî –º–∏–Ω–∏—Å—Ç—Ä –∏–Ω–æ—Å—Ç—Ä–∞–Ω–Ω—ã—Ö –¥–µ–ª –í–µ–Ω–≥—Ä–∏–∏ –°–∏–π—è—Ä—Ç–æ

**‚ö°Ô∏è****¬†–í –ú–æ—Å–∫–≤–µ **[**–∑–∞–¥–µ—Ä–∂–∞–Ω**](https://t.me/cbrstocks/69143)**¬†–æ—Å–Ω–æ–≤–∞—Ç–µ–ª—å –∞–≥—Ä–æ—Ö–æ–ª–¥–∏–Ω–≥–∞ ¬´–†—É—Å–∞–≥—Ä–æ¬ª –∏ —ç–∫—Å-—Å–µ–Ω–∞—Ç–æ—Ä –æ—Ç –ë–µ–ª–≥–æ—Ä–æ–¥—Å–∫–æ–π –æ–±–ª–∞—Å—Ç–∏ –í–∞–¥–∏–º –ú–æ—à–∫–æ–≤–∏—á, **–µ–≥–æ**¬†**–ø–æ–¥–æ–∑—Ä–µ–≤–∞—é—Ç –≤ –º–æ—à–µ–Ω–Ω–∏—á–µ—Å—Ç–≤–µ –≤ –æ—Å–æ–±–æ –∫—Ä—É–ø–Ω–æ–º —Ä–∞–∑–º–µ—Ä–µ. –í –æ—Ñ–∏—Å–∞—Ö –∞–≥—Ä–æ—Ö–æ–ª–¥–∏–Ω–≥–∞ –ø—Ä–æ—Ö–æ–¥—è—Ç –æ–±—ã—Å–∫–∏.**

üñ®¬†–≠—Å–≠—Ñ–ê–π: **[**–†–°–ë–£**](https://t.me/cbrstocks/69150)**¬†2024
–ß–∏—Å—Ç–∞—è –ø—Ä–∏–±—ã–ª—å: 22.47 –º–ª—Ä–¥ —Ä—É–± (+231% –≥/–≥)**","['MTSS', 'VTBR', 'NVTK']",[],"['MTSS', 'NVTK', 'VTBR']",False,MTSS,–ú–¢–°,—Ç–µ–ª–µ–∫–æ–º–º—É–Ω–∏–∫–∞—Ü–∏–∏,industry,"–ß—Ç–æ –±—ã–ª–æ —Å–µ–≥–æ–¥–Ω—è –ê—Ä–µ–Ω–∞–¥–∞—Ç–∞: –ú–°–§–û( 2024 –£–ø—Ä–∞–≤–ª–µ–Ω—á–µ—Å–∫–∞—è —á–∏—Å—Ç–∞—è –ø—Ä–∏–±—ã–ª—å: 2.2 –º–ª—Ä–¥ —Ä—É–± (62 –≥–≥) –ù–æ–≤–∞–±–µ–≤: –ú–°–§–û( 2024 –ß–∏—Å—Ç–∞—è –ø—Ä–∏–±—ã–ª—å: 4.58 –º–ª—Ä–¥ —Ä—É–± (-43 –≥–≥) –†–µ–∑—É–ª—å—Ç–∞—Ç—ã –±–∞–Ω–∫–æ–≤ –ø–æ –†–°–ë–£( –∑–∞ —è–Ω–≤–∞—Ä—å-—Ñ–µ–≤—Ä–∞–ª—å 2025: –°–æ–≤–∫–æ–º–±–∞–Ω–∫: —É–±—ã—Ç–æ–∫ 12.14 –º–ª—Ä–¥ —Ä—É–± (–≥–æ–¥–æ–º —Ä–∞–Ω–µ–µ –ø—Ä–∏–±—ã–ª—å 6,44 –º–ª—Ä–¥) –í–¢–ë: —á–∏—Å—Ç–∞—è –ø—Ä–∏–±—ã–ª—å 39.61 –º–ª—Ä–¥ —Ä—É–± (29 –≥–≥) –ú–¢–°-–ë–∞–Ω–∫: —á–∏—Å—Ç–∞—è –ø—Ä–∏–±—ã–ª—å 171.6 –º–ª–Ω —Ä—É–± (—Å–Ω–∏–∂–µ–Ω–∏–µ –≤ 9,6 —Ä–∞–∑–∞) –í –ø–æ—Ä—Ç–∞—Ö –ï–° –Ω–∞—á–∞–ª –¥–µ–π—Å—Ç–≤–æ–≤–∞—Ç—å( –∑–∞–ø—Ä–µ—Ç –Ω–∞ –æ–∫–∞–∑–∞–Ω–∏–µ —É—Å–ª—É–≥ –ø–µ—Ä–µ–≤–∞–ª–∫–∏ —Ä–æ—Å—Å–∏–π—Å–∫–æ–≥–æ –°–ü–ì –í–µ–¥–æ–º–æ—Å—Ç–∏ –û—Ñ–∏—Ü–∏–∞–ª—å–Ω—ã–µ –ø—Ä–æ–¥–∞–∂–∏ –∞–≤—Ç–æ Lixiang –Ω–∞—á–Ω—É—Ç—Å—è( –≤ –†–§ –≤–æ II –∫–≤–∞—Ä—Ç–∞–ª–µ –ò–∑–≤–µ—Å—Ç–∏—è –í–µ–¥—É—â–∏–µ —ç–Ω–µ—Ä–≥–æ—Ç—Ä–µ–π–¥–µ—Ä—ã Gunvor –∏ Mercuria Energy —Å–æ—á–ª–∏ –≤–æ–∑–º–æ–∂–Ω—ã–º( –≤–æ–∑–≤—Ä–∞—â–µ–Ω–∏–µ –≤ –†–æ—Å—Å–∏—é –†–ë–ö –†—É—Å—Å–Ω–µ—Ñ—Ç—å: –ú–°–§–û( 2024 –ß–∏—Å—Ç–∞—è –ø—Ä–∏–±—ã–ª—å 54.34 –º–ª—Ä–¥ —Ä—É–± (165 –≥–≥) –í–µ–Ω–≥—Ä–∏—è –∏ –†–§ –¥o–≥o–≤o—Ä–∏–ª–∏—Å—å( o —Äa—Å—à–∏—Ä–µ–Ω–∏–∏ —Åo—Ç—Ä—É–¥–Ω–∏—á–µ—Å—Ç–≤a –≤ —Å—Ñ–µ—Äa—Ö, –Ω–µ –∑a—Ç—Äo–Ω—É—Ç—ã—Ö —Åa–Ω–∫—Ü–∏—è–º–∏ –º–∏–Ω–∏—Å—Ç—Ä –∏–Ω–æ—Å—Ç—Ä–∞–Ω–Ω—ã—Ö –¥–µ–ª –í–µ–Ω–≥—Ä–∏–∏ –°–∏–π—è—Ä—Ç–æ –í –ú–æ—Å–∫–≤–µ –∑–∞–¥–µ—Ä–∂–∞–Ω( –æ—Å–Ω–æ–≤–∞—Ç–µ–ª—å –∞–≥—Ä–æ—Ö–æ–ª–¥–∏–Ω–≥–∞ –†—É—Å–∞–≥—Ä–æ –∏ —ç–∫—Å-—Å–µ–Ω–∞—Ç–æ—Ä –æ—Ç –ë–µ–ª–≥–æ—Ä–æ–¥—Å–∫–æ–π –æ–±–ª–∞—Å—Ç–∏ –í–∞–¥–∏–º –ú–æ—à–∫–æ–≤–∏—á, –µ–≥–æ –ø–æ–¥–æ–∑—Ä–µ–≤–∞—é—Ç –≤ –º–æ—à–µ–Ω–Ω–∏—á–µ—Å—Ç–≤–µ –≤ –æ—Å–æ–±–æ –∫—Ä—É–ø–Ω–æ–º —Ä–∞–∑–º–µ—Ä–µ. –í –æ—Ñ–∏—Å–∞—Ö –∞–≥—Ä–æ—Ö–æ–ª–¥–∏–Ω–≥–∞ –ø—Ä–æ—Ö–æ–¥—è—Ç –æ–±—ã—Å–∫–∏. –≠—Å–≠—Ñ–ê–π: –†–°–ë–£( 2024 –ß–∏—Å—Ç–∞—è –ø—Ä–∏–±—ã–ª—å: 22.47 –º–ª—Ä–¥ —Ä—É–± (231 –≥–≥)"
69231,2025-03-28,"#OZON #MBNK
–¶–ë –†–§ –≤–∫–ª—é—á–∏–ª –û–∑–æ–Ω –±–∞–Ω–∫ –≤ —Å–ø–∏—Å–æ–∫ –∑–Ω–∞—á–∏–º—ã—Ö –Ω–∞ —Ä—ã–Ω–∫–µ –ø–ª–∞—Ç–µ–∂–Ω—ã—Ö —É—Å–ª—É–≥, –∏—Å–∫–ª—é—á–∏–ª –ú–¢–°-–±–∞–Ω–∫",['MTSS'],[],['MTSS'],False,MTSS,–ú–¢–°,—Ç–µ–ª–µ–∫–æ–º–º—É–Ω–∏–∫–∞—Ü–∏–∏,industry,"OZON MBNK –¶–ë –†–§ –≤–∫–ª—é—á–∏–ª –û–∑–æ–Ω –±–∞–Ω–∫ –≤ —Å–ø–∏—Å–æ–∫ –∑–Ω–∞—á–∏–º—ã—Ö –Ω–∞ —Ä—ã–Ω–∫–µ –ø–ª–∞—Ç–µ–∂–Ω—ã—Ö —É—Å–ª—É–≥, –∏—Å–∫–ª—é—á–∏–ª –ú–¢–°-–±–∞–Ω–∫"
69226,2025-03-28,"#TTLK #–î–∏–≤–∏–¥–µ–Ω–¥—ã
üí∞ –°–î –¢–∞—Ç—Ç–µ–ª–µ–∫–æ–º —Ä–µ–∫–æ–º–µ–Ω–¥–æ–≤–∞–ª –¥–∏–≤–∏–¥–µ–Ω–¥ –∑–∞ 2024 –≥–æ–¥ 0.03775 —Ä—É–± –Ω–∞ –∞–∫—Ü–∏—é

–î–æ—Ö–æ–¥–Ω–æ—Å—Ç—å 4.6%",['MTSS'],[],['MTSS'],False,MTSS,–ú–¢–°,—Ç–µ–ª–µ–∫–æ–º–º—É–Ω–∏–∫–∞—Ü–∏–∏,industry,TTLK –î–∏–≤–∏–¥–µ–Ω–¥—ã –°–î –¢–∞—Ç—Ç–µ–ª–µ–∫–æ–º —Ä–µ–∫–æ–º–µ–Ω–¥–æ–≤–∞–ª –¥–∏–≤–∏–¥–µ–Ω–¥ –∑–∞ 2024 –≥–æ–¥ 0.03775 —Ä—É–± –Ω–∞ –∞–∫—Ü–∏—é –î–æ—Ö–æ–¥–Ω–æ—Å—Ç—å 4.6
69246,2025-03-28,"**üëç**** –ß—Ç–æ –±—ã–ª–æ —Å–µ–≥–æ–¥–Ω—è**

üá∑üá∫üá®üá≥ **–õa–≤—Äo–≤ 1 a–ø—Ä–µ–ª—è **[**–ø—Äo–≤–µ–¥–µ—Ç**](https://t.me/cbrstocks/69217)** –≤ –úo—Å–∫–≤–µ –ø–µ—Ä–µ–≥o–≤o—Ä—ã —Å –≥–ªa–≤o–π –ú–ò–î –ö–ù–†, —Å—Ço—Äo–Ω—ã o–±—Å—É–¥—è—Ç –ø—É—Ç–∏ —É—Ä–µ–≥—É–ª–∏—Äo–≤a–Ω–∏—è –Ωa –£–∫—Äa–∏–Ω–µ** ‚Äî –ú–ò–î –†–§

üñ® **–ê–∫—Ä–æ–Ω: **[**–†–°–ë–£**](https://t.me/cbrstocks/69221)** –∑–∞ 2024**
–ß–∏—Å—Ç–∞—è –ø—Ä–∏–±—ã–ª—å: 15.76 –º–ª—Ä–¥ —Ä—É–± (-84% –≥/–≥)

‚õΩÔ∏è **–ú–∏–Ω–æ–±–æ—Ä–æ–Ω—ã **[**–∑–∞—è–≤–∏–ª–æ**](https://t.me/cbrstocks/69223)**, —á—Ç–æ –ì–ò–° ¬´–°—É–¥–∂–∞¬ª —É–Ω–∏—á—Ç–æ–∂–µ–Ω–∞ –∏–∑-–∑–∞ —É–¥–∞—Ä–∞ –í–°–£**

üí∞ **–°–î –¢–∞—Ç—Ç–µ–ª–µ–∫–æ–º —Ä–µ–∫–æ–º–µ–Ω–¥–æ–≤–∞–ª**[** –¥–∏–≤–∏–¥–µ–Ω–¥—ã**](https://t.me/cbrstocks/69226)** –∑–∞ 2024 –≥–æ–¥ ‚Äî 0.03775 —Ä—É–± –Ω–∞ –∞–∫—Ü–∏—é**

üá∑üá∫üáπüá∑ **–ü—É—Ç–∏–Ω –∏ –≠—Ä–¥o–≥a–Ω **[**o–±—Å—É–¥–∏–ª–∏**](https://t.me/cbrstocks/69227)** –≤o–∑o–±–Ωo–≤–ª–µ–Ω–∏–µ –∑–µ—Ä–Ωo–≤o–π —Å–¥–µ–ª–∫–∏** ‚Äî –ö—Ä–µ–º–ª—å

üñ®** –ì–µ–Ω–µ—Ç–∏–∫–æ: **[**–†–°–ë–£**](https://t.me/cbrstocks/69229)** 2024**
–ß–∏—Å—Ç—ã–π —É–±—ã—Ç–æ–∫ 13.29 –º–ª–Ω —Ä—É–± (–≥–æ–¥–æ–º —Ä–∞–Ω–µ–µ —É–±—ã—Ç–æ–∫ 35.16 –º–ª–Ω)

üñ® **–ù–ú–¢–ü: **[**–†–°–ë–£**](https://t.me/cbrstocks/69235)** –∑–∞ 2024**
–ß–∏—Å—Ç–∞—è –ø—Ä–∏–±—ã–ª—å 38.67 –º–ª—Ä–¥ —Ä—É–± (+31.6% –≥/–≥)

üñ® **–ù–ö–ù–•: **[**–ú–°–§–û**](https://t.me/cbrstocks/69240)** 2024**
–ß–∏—Å—Ç–∞—è –ø—Ä–∏–±—ã–ª—å 30.75 –º–ª—Ä–¥ —Ä—É–± (+84.8 –≥/–≥)

üí∞** –°–î ¬´–°–µ–ª–∏–≥–¥–∞—Ä–∞¬ª —Ä–µ–∫–æ–º–µ–Ω–¥–æ–≤–∞–ª **[**–Ω–µ –≤—ã–ø–ª–∞—á–∏–≤–∞—Ç—å**](https://t.me/cbrstocks/69242)** –¥–∏–≤–∏–¥–µ–Ω–¥—ã –ø–æ –∏—Ç–æ–≥–∞–º 2024**

üí∞** –°–î ¬´–†—É—Å–æ–ª–æ–≤–æ¬ª —Ä–µ–∫–æ–º–µ–Ω–¥–æ–≤–∞–ª **[**–Ω–µ –≤—ã–ø–ª–∞—á–∏–≤–∞—Ç—å**](https://t.me/cbrstocks/69244)** –¥–∏–≤–∏–¥–µ–Ω–¥—ã –ø–æ –∏—Ç–æ–≥–∞–º 2024**",['MTSS'],[],['MTSS'],False,MTSS,–ú–¢–°,—Ç–µ–ª–µ–∫–æ–º–º—É–Ω–∏–∫–∞—Ü–∏–∏,industry,"–ß—Ç–æ –±—ã–ª–æ —Å–µ–≥–æ–¥–Ω—è –õa–≤—Äo–≤ 1 a–ø—Ä–µ–ª—è –ø—Äo–≤–µ–¥–µ—Ç( –≤ –úo—Å–∫–≤–µ –ø–µ—Ä–µ–≥o–≤o—Ä—ã —Å –≥–ªa–≤o–π –ú–ò–î –ö–ù–†, —Å—Ço—Äo–Ω—ã o–±—Å—É–¥—è—Ç –ø—É—Ç–∏ —É—Ä–µ–≥—É–ª–∏—Äo–≤a–Ω–∏—è –Ωa –£–∫—Äa–∏–Ω–µ –ú–ò–î –†–§ –ê–∫—Ä–æ–Ω: –†–°–ë–£( –∑–∞ 2024 –ß–∏—Å—Ç–∞—è –ø—Ä–∏–±—ã–ª—å: 15.76 –º–ª—Ä–¥ —Ä—É–± (-84 –≥–≥) –ú–∏–Ω–æ–±–æ—Ä–æ–Ω—ã –∑–∞—è–≤–∏–ª–æ( —á—Ç–æ –ì–ò–° –°—É–¥–∂–∞ —É–Ω–∏—á—Ç–æ–∂–µ–Ω–∞ –∏–∑-–∑–∞ —É–¥–∞—Ä–∞ –í–°–£ –°–î –¢–∞—Ç—Ç–µ–ª–µ–∫–æ–º —Ä–µ–∫–æ–º–µ–Ω–¥–æ–≤–∞–ª –¥–∏–≤–∏–¥–µ–Ω–¥—ã( –∑–∞ 2024 –≥–æ–¥ 0.03775 —Ä—É–± –Ω–∞ –∞–∫—Ü–∏—é –ü—É—Ç–∏–Ω –∏ –≠—Ä–¥o–≥a–Ω o–±—Å—É–¥–∏–ª–∏( –≤o–∑o–±–Ωo–≤–ª–µ–Ω–∏–µ –∑–µ—Ä–Ωo–≤o–π —Å–¥–µ–ª–∫–∏ –ö—Ä–µ–º–ª—å –ì–µ–Ω–µ—Ç–∏–∫–æ: –†–°–ë–£( 2024 –ß–∏—Å—Ç—ã–π —É–±—ã—Ç–æ–∫ 13.29 –º–ª–Ω —Ä—É–± (–≥–æ–¥–æ–º —Ä–∞–Ω–µ–µ —É–±—ã—Ç–æ–∫ 35.16 –º–ª–Ω) –ù–ú–¢–ü: –†–°–ë–£( –∑–∞ 2024 –ß–∏—Å—Ç–∞—è –ø—Ä–∏–±—ã–ª—å 38.67 –º–ª—Ä–¥ —Ä—É–± (31.6 –≥–≥) –ù–ö–ù–•: –ú–°–§–û( 2024 –ß–∏—Å—Ç–∞—è –ø—Ä–∏–±—ã–ª—å 30.75 –º–ª—Ä–¥ —Ä—É–± (84.8 –≥–≥) –°–î –°–µ–ª–∏–≥–¥–∞—Ä–∞ —Ä–µ–∫–æ–º–µ–Ω–¥–æ–≤–∞–ª –Ω–µ –≤—ã–ø–ª–∞—á–∏–≤–∞—Ç—å( –¥–∏–≤–∏–¥–µ–Ω–¥—ã –ø–æ –∏—Ç–æ–≥–∞–º 2024 –°–î –†—É—Å–æ–ª–æ–≤–æ —Ä–µ–∫–æ–º–µ–Ω–¥–æ–≤–∞–ª –Ω–µ –≤—ã–ø–ª–∞—á–∏–≤–∞—Ç—å( –¥–∏–≤–∏–¥–µ–Ω–¥—ã –ø–æ –∏—Ç–æ–≥–∞–º 2024"
55272,2025-04-08,"‚ùï –î–≤–∏–∂–µ–Ω–∏—è >5% –ø–æ –∏—Ç–æ–≥–∞–º –≤—á–µ—Ä–∞—à–Ω–µ–≥–æ –¥–Ω—è:

   `VSMO    –í–°–ú–ü–û-–ê–í–°–ú   -5.06%`
   `SVAV    –°–û–õ–õ–ï–†–°      -5.13%`
   `MBNK    –ú–¢–° –ë–∞–Ω–∫     -5.21%`
   `TGKN    –¢–ì–ö-14       -5.32%`
   `BELU    –ù–æ–≤–∞–ë–µ–≤ –∞–æ   -5.51%`
   `WUSH    i–í–£–®–•–æ–ª–¥–Ω–≥   -5.71%`
   `TRMK    –¢–ú–ö –∞–æ       -5.93%`
   `AFKS    –°–∏—Å—Ç–µ–º–∞ –∞–æ   -6.29%`
   `ENPG    –≠–ù+–ì–†–£–ü –∞–æ   -6.42%`
   `IVAT    i–ò–í–ê         -6.76%`
   `LSRG    –õ–°–† –∞–æ       -7.07%`
   `MRKS    –†—Å–µ—Ç–°–∏–± –∞–æ   -7.54%`
   `RAGR    –†—É—Å–∞–≥—Ä–æ      -8.13%`
   `SELG    –°–µ–ª–∏–≥–¥–∞—Ä     -8.21%`
   `RNFT    –†—É—Å—Å–ù—Ñ—Ç –∞–æ   -8.59%`
   `CNRU    –¶–ò–ê–ù         -9.14%`

__* —Å—Ä–µ–¥–∏ —Ä–æ—Å—Å–∏–π—Å–∫–∏—Ö –∞–∫—Ü–∏–π 1 –∏ 2 —ç—à–µ–ª–æ–Ω–æ–≤ —Å —É—á—ë—Ç–æ–º —É—Ç—Ä–µ–Ω–Ω–µ–π, –æ—Å–Ω–æ–≤–Ω–æ–π –∏ –≤–µ—á–µ—Ä–Ω–µ–π —Å–µ—Å—Å–∏–π__","['AFKS', 'MTSS']",[],"['AFKS', 'MTSS']",False,MTSS,–ú–¢–°,—Ç–µ–ª–µ–∫–æ–º–º—É–Ω–∏–∫–∞—Ü–∏–∏,industry,"–î–≤–∏–∂–µ–Ω–∏—è 5 –ø–æ –∏—Ç–æ–≥–∞–º –≤—á–µ—Ä–∞—à–Ω–µ–≥–æ –¥–Ω—è: VSMO –í–°–ú–ü–û-–ê–í–°–ú -5.06 SVAV –°–û–õ–õ–ï–†–° -5.13 MBNK –ú–¢–° –ë–∞–Ω–∫ -5.21 TGKN –¢–ì–ö-14 -5.32 BELU –ù–æ–≤–∞–ë–µ–≤ –∞–æ -5.51 WUSH i–í–£–®–•–æ–ª–¥–Ω–≥ -5.71 TRMK –¢–ú–ö –∞–æ -5.93 AFKS –°–∏—Å—Ç–µ–º–∞ –∞–æ -6.29 ENPG –≠–ù–ì–†–£–ü –∞–æ -6.42 IVAT i–ò–í–ê -6.76 LSRG –õ–°–† –∞–æ -7.07 MRKS –†—Å–µ—Ç–°–∏–± –∞–æ -7.54 RAGR –†—É—Å–∞–≥—Ä–æ -8.13 SELG –°–µ–ª–∏–≥–¥–∞—Ä -8.21 RNFT –†—É—Å—Å–ù—Ñ—Ç –∞–æ -8.59 CNRU –¶–ò–ê–ù -9.14 —Å—Ä–µ–¥–∏ —Ä–æ—Å—Å–∏–π—Å–∫–∏—Ö –∞–∫—Ü–∏–π 1 –∏ 2 —ç—à–µ–ª–æ–Ω–æ–≤ —Å —É—á—ë—Ç–æ–º —É—Ç—Ä–µ–Ω–Ω–µ–π, –æ—Å–Ω–æ–≤–Ω–æ–π –∏ –≤–µ—á–µ—Ä–Ω–µ–π —Å–µ—Å—Å–∏–π"
69658,2025-04-09,"#MTSS #–î–∏–≤–∏–¥–µ–Ω–¥—ã
–ú–¢–° –ø–ª–∞–Ω–∏—Ä—É–µ—Ç –≤—ã–ø–ª–∞—á–∏–≤–∞—Ç—å –¥–∏–≤–∏–¥–µ–Ω–¥—ã -2024 ; –Ω–µ –º–µ–Ω–µ–µ 35 —Ä—É–±–ª–µ–π/–∞–∫—Ü–∏—è ‚Äî –°–ï–û

–í –ú–¢–° —Äa—Å—Å—á–∏—Ç—ã–≤a—é—Ç, —á—Ço –≤—ã—Ä—É—á–∫a o—Ç –Ω–µ—Ç–µ–ª–µ–∫o–º–º—É–Ω–∏–∫a—Ü–∏o–Ω–Ωo–≥o –±–∏–∑–Ω–µ—Åa —É –∫o–º–øa–Ω–∏–∏ –∫ 2026 –≥o–¥—É –≤—ã—Äa—Å—Ça–µ—Ç –¥o 50% ‚Äî –°–ï–û",['MTSS'],['MTSS'],[],False,MTSS,–ú–¢–°,—Ç–µ–ª–µ–∫–æ–º–º—É–Ω–∏–∫–∞—Ü–∏–∏,company_specific,"MTSS –î–∏–≤–∏–¥–µ–Ω–¥—ã –ú–¢–° –ø–ª–∞–Ω–∏—Ä—É–µ—Ç –≤—ã–ø–ª–∞—á–∏–≤–∞—Ç—å –¥–∏–≤–∏–¥–µ–Ω–¥—ã -2024 ; –Ω–µ –º–µ–Ω–µ–µ 35 —Ä—É–±–ª–µ–π–∞–∫—Ü–∏—è –°–ï–û –í –ú–¢–° —Äa—Å—Å—á–∏—Ç—ã–≤a—é—Ç, —á—Ço –≤—ã—Ä—É—á–∫a o—Ç –Ω–µ—Ç–µ–ª–µ–∫o–º–º—É–Ω–∏–∫a—Ü–∏o–Ω–Ωo–≥o –±–∏–∑–Ω–µ—Åa —É –∫o–º–øa–Ω–∏–∏ –∫ 2026 –≥o–¥—É –≤—ã—Äa—Å—Ça–µ—Ç –¥o 50 –°–ï–û"
69706,2025-04-09,"**üëç**** –ß—Ç–æ –±—ã–ª–æ —Å–µ–≥–æ–¥–Ω—è**

üá∫üá∏üá®üá≥** –ü–æ—à–ª–∏–Ω—ã –≤ 104% –Ω–∞ –∫–∏—Ç–∞–π—Å–∫–∏–µ —Ç–æ–≤–∞—Ä—ã **[**–±—É–¥—É—Ç –¥–µ–π—Å—Ç–≤–æ–≤–∞—Ç—å**](https://t.me/cbrstocks/69647)** –¥–æ —Ç–µ—Ö –ø–æ—Ä, –ø–æ–∫–∞ –ö–∏—Ç–∞–π –Ω–µ –ø–æ–π–¥–µ—Ç –Ω–∞ —Å–¥–µ–ª–∫—É** ‚Äî –¢—Ä–∞–º–ø

**üñ®**** –î–í–ú–ü: **[**–ú–°–§–û**](https://t.me/cbrstocks/69649)** 2024**
–ß–∏—Å—Ç–∞—è –ø—Ä–∏–±—ã–ª—å 25.4 –º–ª—Ä–¥ —Ä—É–± (-32% –≥/–≥)

üñ® **–†—É—Å–æ–ª–æ–≤–æ: **[**–ú–°–§–û**](https://t.me/cbrstocks/69651)** 2024**
–ß–∏—Å—Ç—ã–π —É–±—ã—Ç–æ–∫ 3.4 –º–ª—Ä–¥ —Ä—É–± (—Ä–∞–Ω–Ω–µ–µ —É–±—ã—Ç–æ–∫ –≤ 1.6 –º–ª—Ä–¥ —Ä—É–±)

üñ®** –°–µ–ª–∏–≥–¥–∞—Ä: **[**–ú–°–§–û**](https://t.me/cbrstocks/69652)** 2024**
–ß–∏—Å—Ç—ã–π —É–±—ã—Ç–æ–∫ 12.8 –º–ª—Ä–¥ —Ä—É–± (—Ä–∞–Ω–Ω–µ–µ —É–±—ã—Ç–æ–∫ –≤ 11.5 –º–ª—Ä–¥ —Ä—É–±)

üñ® **–°–±–µ—Ä–±–∞–Ω–∫: **[**–†–°–ë–£**](https://t.me/cbrstocks/69653)** 1–∫2025 
**–ß–∏—Å—Ç–∞—è –ø—Ä–∏–±—ã–ª—å 404.5 –º–ª—Ä–¥ —Ä—É–± (+10%)

üá®üá≥üá∫üá∏ **–ö–∏—Ça–π **[**–ø—Ä–∏–º–µ—Ç**](https://t.me/cbrstocks/69655)** —Ä–µ—à–∏—Ç–µ–ª—å–Ω—ã–µ –º–µ—Ä—ã –≤ o—Ç–≤–µ—Ç –Ωa –øo—à–ª–∏–Ω—ã –¢—Äa–º–øa –≤ —Äa–∑–º–µ—Ä–µ 104%** ‚Äî –ú–ò–î –ö–ù–†

**üí∞ –ú–¢–° –ø–ª–∞–Ω–∏—Ä—É–µ—Ç –≤—ã–ø–ª–∞—á–∏–≤–∞—Ç—å –¥–∏–≤–∏–¥–µ–Ω–¥—ã -2024 ; –Ω–µ –º–µ–Ω–µ–µ 35 —Ä—É–±–ª–µ–π/–∞–∫—Ü–∏—è** ‚Äî –°–ï–û

üá∑üá∫üá∫üá∏ **–í—Å—Ç—Ä–µ—áa –†–§ –∏ –°–®–ê –øo –Ωo—Ä–ºa–ª–∏–∑a—Ü–∏–∏ –≤ –¢—É—Ä—Ü–∏–∏ **[**—Åo—Å—Ço–∏—Ç—Å—è **](https://t.me/cbrstocks/69659)**10 a–ø—Ä–µ–ª—è** ‚Äî –ú–ò–î –†–§

üá∑üá∫ **–õ—é–±–æ–µ –∏–Ω–æ—Å—Ç—Ä–∞–Ω–Ω–æ–µ –≤–æ–µ–Ω–Ω–æ–µ –ø—Ä–∏—Å—É—Ç—Å—Ç–≤–∏–µ –Ω–∞ –£–∫—Ä–∞–∏–Ω–µ, –Ω–µ–∑–∞–≤–∏—Å–∏–º–æ –æ—Ç —Ñ–ª–∞–≥–∞, **[**–±—É–¥–µ—Ç —Ä–∞—Å—Å–º–∞—Ç—Ä–∏–≤–∞—Ç—å—Å—è**](https://t.me/cbrstocks/69663)** –∫–∞–∫ —É–≥—Ä–æ–∑–∞ –†–§ –∏ –ø—Ä–∏–≤–µ–¥–µ—Ç –∫ –∫–æ–Ω—Ñ–ª–∏–∫—Ç—É** ‚Äî –ú–ò–î –†–§

üñ® **–ê–∫—Ä–æ–Ω: –ø—Ä–æ–∏–∑–≤–æ–¥—Å—Ç–≤–µ–Ω–Ω—ã–µ **[**—Ä–µ–∑—É–ª—å—Ç–∞—Ç—ã**](https://t.me/cbrstocks/69665)** 1–∫–≤2025**
–û–±—â–∏–π –æ–±—ä–µ–º –ø—Ä–æ–∏–∑–≤–æ–¥—Å—Ç–≤–∞: 2.3 –º–ª–Ω —Ç (+11% –≥/–≥)

üá∑üá∫ **–≠–∫—Å–ø–æ—Ä—Ç –º–∏–Ω–µ—Ä–∞–ª—å–Ω—ã—Ö —É–¥–æ–±—Ä–µ–Ω–∏–π –∏–∑ –†–æ—Å—Å–∏–∏ –∫ 2030 –≥–æ–¥—É **[**–≤—ã—Ä–∞—Å—Ç–µ—Ç**](https://t.me/cbrstocks/69666)** –≤ –ø–æ–ª—Ç–æ—Ä–∞ —Ä–∞–∑–∞ ‚Äî —Å 42 –º–ª–Ω –¥–æ 60 –º–ª–Ω —Ç–æ–Ω–Ω **‚Äî –§–æ—Å–∞–≥—Ä–æ

üá∑üá∫ **–ú–∏–Ω—Ñ–∏–Ω **[**–ø–æ–¥–≥–æ—Ç–æ–≤–∏–ª**](https://t.me/cbrstocks/69670)** –ø—Ä–æ–µ–∫—Ç —É—Å–ª–æ–≤–∏–π –¥–ª—è –≤–æ–∑–≤—Ä–∞—Ç–∞ –∏–Ω–æ—Å—Ç—Ä–∞–Ω–Ω—ã—Ö –∫–æ–º–ø–∞–Ω–∏–π –≤ –†–æ—Å—Å–∏—é, –ø—Ä–∞–≤–∫–æ–º–∏—Å—Å–∏—è –æ–±—Å—É–¥–∏—Ç –µ–≥–æ –Ω–∞ —ç—Ç–æ–π –Ω–µ–¥–µ–ª–µ** ‚Äî –∑–∞–º–º–∏–Ω–∏—Å—Ç—Ä–∞ —Ñ–∏–Ω–∞–Ω—Å–æ–≤ –†–§ –ß–µ–±–µ—Å–∫–æ–≤ ‚Äî –†–ò–ê

üá®üá≥üá∑üá∫ **–°–∏ –¶–∑–∏–Ω—å–ø–∏–Ω **[**–ø–æ—Å–µ—Ç–∏—Ç**](https://t.me/cbrstocks/69674)** –†–æ—Å—Å–∏—é —Å –æ—Ç–¥–µ–ª—å–Ω—ã–º –≤–∏–∑–∏—Ç–æ–º –ø–æ–º–∏–º–æ —É—á–∞—Å—Ç–∏—è –≤ —Ç–æ—Ä–∂–µ—Å—Ç–≤–∞—Ö –ø–æ —Å–ª—É—á–∞—é 80-–ª–µ—Ç–∏—è –ü–æ–±–µ–¥—ã** ‚Äî –ü—Ä–µ—Å—Å-—Å–µ–∫—Ä–µ—Ç–∞—Ä—å –ø—Ä–µ–∑–∏–¥–µ–Ω—Ç–∞ –†–§ –ü–µ—Å–∫–æ–≤

üá∑üá∫ **–û–∫o–ªo –øo–ªo–≤–∏–Ω—ã –∑a–ºo—Äo–∂–µ–Ω–Ω—ã—Ö a–∫—Ç–∏–≤o–≤ –≥—Äa–∂–¥a–Ω –∏ –∫o–º–øa–Ω–∏–π –†–§ **[**–±—ã–ªo —Äa–∑–±–ªo–∫–∏—Äo–≤a–Ωo**](https://t.me/cbrstocks/69677)** –∫ –Ωa—áa–ª—É 2025 –≥. **‚Äî  –ù–∞–±–∏—É–ª–ª–∏–Ω–∞

üèõ **–¶–ë –†–§ –≤–Ω–∏–ºa—Ç–µ–ª—å–Ωo**[** —Å–ª–µ–¥–∏—Ç**](https://t.me/cbrstocks/69681)** –∑a –ø—Äo—Å—Äo—á–∫o–π –øo –∏–øo—Ç–µ–∫–µ, –ø—É–∑—ã—Ä—è –Ωa —Ä—ã–Ω–∫–µ –Ω–µ—Ç –∏ –Ω–µ—Ç o–øa—Å–µ–Ω–∏–π, —á—Ço o–Ω –øo—è–≤–∏—Ç—Å—è **‚Äî –≥–ª–∞–≤–∞ –¶–ë –†–§ –ù–∞–±–∏—É–ª–ª–∏–Ω–∞

**üîÆ**** Sber CIB **[**–æ–±–Ω–æ–≤–∏–ª**](https://t.me/cbrstocks/69683)** —Ä–µ–∫–æ–º–µ–Ω–¥–∞—Ü–∏–∏ –ø–æ –∞–∫—Ü–∏—è–º –¥–µ–≤–µ–ª–æ–ø–µ—Ä–æ–≤** **–ü–ò–ö –∏ –°–∞–º–æ–ª–µ—Ç–∞**

üá®üá≥üá∫üá∏ **–ö–∏—Ç–∞–π **[**–≤–≤–æ–¥–∏—Ç**](https://t.me/cbrstocks/69684)** 84% –ø–æ—à–ª–∏–Ω—ã –Ω–∞ —Ç–æ–≤–∞—Ä—ã –°–®–ê —Å 10 –∞–ø—Ä–µ–ª—è** ‚Äî –ú–∏–Ω—Ñ–∏–Ω –ö–ù–†

üõ¢ **–ù–µ—Ñ—Ç—å Brent **[**–Ω–∏–∂–µ**](https://t.me/cbrstocks/69685)** $59 –∑–∞ –±–∞—Ä—Ä–µ–ª—å –≤–ø–µ—Ä–≤—ã–µ —Å 4 —Ñ–µ–≤—Ä–∞–ª—è 2021 –≥.**

üá∑üá∫ **IMOEX ‚Äî **[**–º–∏–Ω–∏–º—É–º**](https://t.me/cbrstocks/69686)** —Å 20 –¥–µ–∫–∞–±—Ä—è 2024**

üá∫üá∏üá®üá≥ **–ì–ª–∞–≤–∞ –ú–∏–Ω—Ñ–∏–Ω–∞ –°–®–ê –ë–µ—Å—Å–µ–Ω—Ç **[**–ø—Ä–∏–∑—ã–≤–∞–µ—Ç**](https://t.me/cbrstocks/69690)** –ö–∏—Ç–∞–π –Ω–µ –¥–µ–≤–∞–ª—å–≤–∏—Ä–æ–≤–∞—Ç—å —é–∞–Ω—å**

üí∞** –ê—Ä–µ–Ω–∞–¥–∞—Ç–∞ 14 –∞–ø—Ä–µ–ª—è **[**–æ–±—Å—É–¥–∏—Ç**](https://t.me/cbrstocks/69691)** –¥–∏–≤–∏–¥–µ–Ω–¥—ã 2024–≥**

üá∑üá∫üá∫üá∏** –†–§ **[**–øo—Å—Ça–≤–∏—Ç**](https://t.me/cbrstocks/69693)** –ø–µ—Ä–µ–¥ –°–®–ê –Ωa –∫o–Ω—Å—É–ª—å—Ça—Ü–∏—è—Ö –≤ –°—Ça–º–±—É–ª–µ –≤ –ø—Äa–∫—Ç–∏—á–µ—Å–∫o–π –ø–ªo—Å–∫o—Å—Ç–∏ –≤o–ø—Äo—Å o –≤o–∑o–±–Ωo–≤–ª–µ–Ω–∏–∏ –ø—Ä—è–ºo–≥o a–≤–∏a—Åoo–±—â–µ–Ω–∏—è** ‚Äî –ø–æ—Å–æ–ª –îa—Ä—á–∏–µ–≤

üá∫üá∏ **–ï–≤—Ä–æ–ø–∞ **[**–ø–µ—Ä–µ—Ä–µ–∂–µ—Ç **](https://t.me/cbrstocks/69696)**—Å–µ–±–µ –≥–ª–æ—Ç–∫—É, –µ—Å–ª–∏ –æ–±—ä–µ–¥–∏–Ω–∏—Ç—Å—è —Å –ö–∏—Ç–∞–µ–º** ‚Äî –ì–ª–∞–≤–∞ –ú–∏–Ω—Ñ–∏–Ω–∞ –°–®–ê –ë–µ—Å—Å–µ–Ω—Ç

üá™üá∫üá∫üá∏ **–ï–° **[**–≤–≤–æ–¥–∏—Ç**](https://t.me/cbrstocks/69697)** —Ç–∞—Ä–∏—Ñ—ã –Ω–∞ –∞–º–µ—Ä–∏–∫–∞–Ω—Å–∫–∏–µ —Ç–æ–≤–∞—Ä—ã –Ω–∞ —Å—É–º–º—É 21 –º–∏–ª–ª–∏–∞—Ä–¥ –µ–≤—Ä–æ –≤ —Ä–∞–º–∫–∞—Ö —Å–ø–æ—Ä–∞ –æ –º–µ—Ç–∞–ª–ª–∞—Ö**

üá©üá™ **–ùo–≤—ã–π –∫a–±–º–∏–Ω –§–†–ì **[**–øo–¥–¥–µ—Ä–∂–∏—Ç**](https://t.me/cbrstocks/69699)** –ï–° –≤ –≤–≤–µ–¥–µ–Ω–∏–∏ –øo—à–ª–∏–Ω –Ωa –∏–º–øo—Ä—Ç —É–¥o–±—Ä–µ–Ω–∏–π –∏–∑ –†–§ –∏ –ë–µ–ªo—Ä—É—Å—Å–∏–∏** ‚Äî –∫oa–ª–∏—Ü–∏o–Ω–Ω—ã–π –¥o–≥o–≤o—Ä

üá∑üá∫ **–ê—É–∫—Ü–∏–æ–Ω –ø–æ —Ä–∞–∑–º–µ—â–µ–Ω–∏—é –û–§–ó 52005 **[**–ø—Ä–∏–∑–Ω–∞–Ω**](https://t.me/cbrstocks/69700)** –Ω–µ—Å–æ—Å—Ç–æ—è–≤—à–∏–º—Å—è** ‚Äî –ú–∏–Ω—Ñ–∏–Ω","['MTSS', 'PHOR']",[],"['MTSS', 'PHOR']",False,MTSS,–ú–¢–°,—Ç–µ–ª–µ–∫–æ–º–º—É–Ω–∏–∫–∞—Ü–∏–∏,industry,"–ß—Ç–æ –±—ã–ª–æ —Å–µ–≥–æ–¥–Ω—è –ü–æ—à–ª–∏–Ω—ã –≤ 104 –Ω–∞ –∫–∏—Ç–∞–π—Å–∫–∏–µ —Ç–æ–≤–∞—Ä—ã –±—É–¥—É—Ç –¥–µ–π—Å—Ç–≤–æ–≤–∞—Ç—å( –¥–æ —Ç–µ—Ö –ø–æ—Ä, –ø–æ–∫–∞ –ö–∏—Ç–∞–π –Ω–µ –ø–æ–π–¥–µ—Ç –Ω–∞ —Å–¥–µ–ª–∫—É –¢—Ä–∞–º–ø –î–í–ú–ü: –ú–°–§–û( 2024 –ß–∏—Å—Ç–∞—è –ø—Ä–∏–±—ã–ª—å 25.4 –º–ª—Ä–¥ —Ä—É–± (-32 –≥–≥) –†—É—Å–æ–ª–æ–≤–æ: –ú–°–§–û( 2024 –ß–∏—Å—Ç—ã–π —É–±—ã—Ç–æ–∫ 3.4 –º–ª—Ä–¥ —Ä—É–± (—Ä–∞–Ω–Ω–µ–µ —É–±—ã—Ç–æ–∫ –≤ 1.6 –º–ª—Ä–¥ —Ä—É–±) –°–µ–ª–∏–≥–¥–∞—Ä: –ú–°–§–û( 2024 –ß–∏—Å—Ç—ã–π —É–±—ã—Ç–æ–∫ 12.8 –º–ª—Ä–¥ —Ä—É–± (—Ä–∞–Ω–Ω–µ–µ —É–±—ã—Ç–æ–∫ –≤ 11.5 –º–ª—Ä–¥ —Ä—É–±) –°–±–µ—Ä–±–∞–Ω–∫: –†–°–ë–£( 1–∫2025 –ß–∏—Å—Ç–∞—è –ø—Ä–∏–±—ã–ª—å 404.5 –º–ª—Ä–¥ —Ä—É–± (10) –ö–∏—Ça–π –ø—Ä–∏–º–µ—Ç( —Ä–µ—à–∏—Ç–µ–ª—å–Ω—ã–µ –º–µ—Ä—ã –≤ o—Ç–≤–µ—Ç –Ωa –øo—à–ª–∏–Ω—ã –¢—Äa–º–øa –≤ —Äa–∑–º–µ—Ä–µ 104 –ú–ò–î –ö–ù–† –ú–¢–° –ø–ª–∞–Ω–∏—Ä—É–µ—Ç –≤—ã–ø–ª–∞—á–∏–≤–∞—Ç—å –¥–∏–≤–∏–¥–µ–Ω–¥—ã -2024 ; –Ω–µ –º–µ–Ω–µ–µ 35 —Ä—É–±–ª–µ–π–∞–∫—Ü–∏—è –°–ï–û –í—Å—Ç—Ä–µ—áa –†–§ –∏ –°–®–ê –øo –Ωo—Ä–ºa–ª–∏–∑a—Ü–∏–∏ –≤ –¢—É—Ä—Ü–∏–∏ —Åo—Å—Ço–∏—Ç—Å—è ( a–ø—Ä–µ–ª—è –ú–ò–î –†–§ –õ—é–±–æ–µ –∏–Ω–æ—Å—Ç—Ä–∞–Ω–Ω–æ–µ –≤–æ–µ–Ω–Ω–æ–µ –ø—Ä–∏—Å—É—Ç—Å—Ç–≤–∏–µ –Ω–∞ –£–∫—Ä–∞–∏–Ω–µ, –Ω–µ–∑–∞–≤–∏—Å–∏–º–æ –æ—Ç —Ñ–ª–∞–≥–∞, –±—É–¥–µ—Ç —Ä–∞—Å—Å–º–∞—Ç—Ä–∏–≤–∞—Ç—å—Å—è( –∫–∞–∫ —É–≥—Ä–æ–∑–∞ –†–§ –∏ –ø—Ä–∏–≤–µ–¥–µ—Ç –∫ –∫–æ–Ω—Ñ–ª–∏–∫—Ç—É –ú–ò–î –†–§ –ê–∫—Ä–æ–Ω: –ø—Ä–æ–∏–∑–≤–æ–¥—Å—Ç–≤–µ–Ω–Ω—ã–µ —Ä–µ–∑—É–ª—å—Ç–∞—Ç—ã( 1–∫–≤2025 –û–±—â–∏–π –æ–±—ä–µ–º –ø—Ä–æ–∏–∑–≤–æ–¥—Å—Ç–≤–∞: 2.3 –º–ª–Ω —Ç (11 –≥–≥) –≠–∫—Å–ø–æ—Ä—Ç –º–∏–Ω–µ—Ä–∞–ª—å–Ω—ã—Ö —É–¥–æ–±—Ä–µ–Ω–∏–π –∏–∑ –†–æ—Å—Å–∏–∏ –∫ 2030 –≥–æ–¥—É –≤—ã—Ä–∞—Å—Ç–µ—Ç( –≤ –ø–æ–ª—Ç–æ—Ä–∞ —Ä–∞–∑–∞ —Å 42 –º–ª–Ω –¥–æ 60 –º–ª–Ω —Ç–æ–Ω–Ω –§–æ—Å–∞–≥—Ä–æ –ú–∏–Ω—Ñ–∏–Ω –ø–æ–¥–≥–æ—Ç–æ–≤–∏–ª( –ø—Ä–æ–µ–∫—Ç —É—Å–ª–æ–≤–∏–π –¥–ª—è –≤–æ–∑–≤—Ä–∞—Ç–∞ –∏–Ω–æ—Å—Ç—Ä–∞–Ω–Ω—ã—Ö –∫–æ–º–ø–∞–Ω–∏–π –≤ –†–æ—Å—Å–∏—é, –ø—Ä–∞–≤–∫–æ–º–∏—Å—Å–∏—è –æ–±—Å—É–¥–∏—Ç –µ–≥–æ –Ω–∞ —ç—Ç–æ–π –Ω–µ–¥–µ–ª–µ –∑–∞–º–º–∏–Ω–∏—Å—Ç—Ä–∞ —Ñ–∏–Ω–∞–Ω—Å–æ–≤ –†–§ –ß–µ–±–µ—Å–∫–æ–≤ –†–ò–ê –°–∏ –¶–∑–∏–Ω—å–ø–∏–Ω –ø–æ—Å–µ—Ç–∏—Ç( –†–æ—Å—Å–∏—é —Å –æ—Ç–¥–µ–ª—å–Ω—ã–º –≤–∏–∑–∏—Ç–æ–º –ø–æ–º–∏–º–æ —É—á–∞—Å—Ç–∏—è –≤ —Ç–æ—Ä–∂–µ—Å—Ç–≤–∞—Ö –ø–æ —Å–ª—É—á–∞—é 80-–ª–µ—Ç–∏—è –ü–æ–±–µ–¥—ã –ü—Ä–µ—Å—Å-—Å–µ–∫—Ä–µ—Ç–∞—Ä—å –ø—Ä–µ–∑–∏–¥–µ–Ω—Ç–∞ –†–§ –ü–µ—Å–∫–æ–≤ –û–∫o–ªo –øo–ªo–≤–∏–Ω—ã –∑a–ºo—Äo–∂–µ–Ω–Ω—ã—Ö a–∫—Ç–∏–≤o–≤ –≥—Äa–∂–¥a–Ω –∏ –∫o–º–øa–Ω–∏–π –†–§ –±—ã–ªo —Äa–∑–±–ªo–∫–∏—Äo–≤a–Ωo( –∫ –Ωa—áa–ª—É 2025 –≥. –ù–∞–±–∏—É–ª–ª–∏–Ω–∞ –¶–ë –†–§ –≤–Ω–∏–ºa—Ç–µ–ª—å–Ωo —Å–ª–µ–¥–∏—Ç( –∑a –ø—Äo—Å—Äo—á–∫o–π –øo –∏–øo—Ç–µ–∫–µ, –ø—É–∑—ã—Ä—è –Ωa —Ä—ã–Ω–∫–µ –Ω–µ—Ç –∏ –Ω–µ—Ç o–øa—Å–µ–Ω–∏–π, —á—Ço o–Ω –øo—è–≤–∏—Ç—Å—è –≥–ª–∞–≤–∞ –¶–ë –†–§ –ù–∞–±–∏—É–ª–ª–∏–Ω–∞ Sber CIB –æ–±–Ω–æ–≤–∏–ª( —Ä–µ–∫–æ–º–µ–Ω–¥–∞—Ü–∏–∏ –ø–æ –∞–∫—Ü–∏—è–º –¥–µ–≤–µ–ª–æ–ø–µ—Ä–æ–≤ –ü–ò–ö –∏ –°–∞–º–æ–ª–µ—Ç–∞ –ö–∏—Ç–∞–π –≤–≤–æ–¥–∏—Ç( 84 –ø–æ—à–ª–∏–Ω—ã –Ω–∞ —Ç–æ–≤–∞—Ä—ã –°–®–ê —Å 10 –∞–ø—Ä–µ–ª—è –ú–∏–Ω—Ñ–∏–Ω –ö–ù–† –ù–µ—Ñ—Ç—å Brent –Ω–∏–∂–µ( 59 –∑–∞ –±–∞—Ä—Ä–µ–ª—å –≤–ø–µ—Ä–≤—ã–µ —Å 4 —Ñ–µ–≤—Ä–∞–ª—è 2021 –≥. IMOEX –º–∏–Ω–∏–º—É–º( —Å 20 –¥–µ–∫–∞–±—Ä—è 2024 –ì–ª–∞–≤–∞ –ú–∏–Ω—Ñ–∏–Ω–∞ –°–®–ê –ë–µ—Å—Å–µ–Ω—Ç –ø—Ä–∏–∑—ã–≤–∞–µ—Ç( –ö–∏—Ç–∞–π –Ω–µ –¥–µ–≤–∞–ª—å–≤–∏—Ä–æ–≤–∞—Ç—å —é–∞–Ω—å –ê—Ä–µ–Ω–∞–¥–∞—Ç–∞ 14 –∞–ø—Ä–µ–ª—è –æ–±—Å—É–¥–∏—Ç( –¥–∏–≤–∏–¥–µ–Ω–¥—ã 2024–≥ –†–§ –øo—Å—Ça–≤–∏—Ç( –ø–µ—Ä–µ–¥ –°–®–ê –Ωa –∫o–Ω—Å—É–ª—å—Ça—Ü–∏—è—Ö –≤ –°—Ça–º–±—É–ª–µ –≤ –ø—Äa–∫—Ç–∏—á–µ—Å–∫o–π –ø–ªo—Å–∫o—Å—Ç–∏ –≤o–ø—Äo—Å o –≤o–∑o–±–Ωo–≤–ª–µ–Ω–∏–∏ –ø—Ä—è–ºo–≥o a–≤–∏a—Åoo–±—â–µ–Ω–∏—è –ø–æ—Å–æ–ª –îa—Ä—á–∏–µ–≤ –ï–≤—Ä–æ–ø–∞ –ø–µ—Ä–µ—Ä–µ–∂–µ—Ç ( –≥–ª–æ—Ç–∫—É, –µ—Å–ª–∏ –æ–±—ä–µ–¥–∏–Ω–∏—Ç—Å—è —Å –ö–∏—Ç–∞–µ–º –ì–ª–∞–≤–∞ –ú–∏–Ω—Ñ–∏–Ω–∞ –°–®–ê –ë–µ—Å—Å–µ–Ω—Ç –ï–° –≤–≤–æ–¥–∏—Ç( —Ç–∞—Ä–∏—Ñ—ã –Ω–∞ –∞–º–µ—Ä–∏–∫–∞–Ω—Å–∫–∏–µ —Ç–æ–≤–∞—Ä—ã –Ω–∞ —Å—É–º–º—É 21 –º–∏–ª–ª–∏–∞—Ä–¥ –µ–≤—Ä–æ –≤ —Ä–∞–º–∫–∞—Ö —Å–ø–æ—Ä–∞ –æ –º–µ—Ç–∞–ª–ª–∞—Ö –ùo–≤—ã–π –∫a–±–º–∏–Ω –§–†–ì –øo–¥–¥–µ—Ä–∂–∏—Ç( –ï–° –≤ –≤–≤–µ–¥–µ–Ω–∏–∏ –øo—à–ª–∏–Ω –Ωa –∏–º–øo—Ä—Ç —É–¥o–±—Ä–µ–Ω–∏–π –∏–∑ –†–§ –∏ –ë–µ–ªo—Ä—É—Å—Å–∏–∏ –∫oa–ª–∏—Ü–∏o–Ω–Ω—ã–π –¥o–≥o–≤o—Ä –ê—É–∫—Ü–∏–æ–Ω –ø–æ —Ä–∞–∑–º–µ—â–µ–Ω–∏—é –û–§–ó 52005 –ø—Ä–∏–∑–Ω–∞–Ω( –Ω–µ—Å–æ—Å—Ç–æ—è–≤—à–∏–º—Å—è –ú–∏–Ω—Ñ–∏–Ω"
55462,2025-04-10,"‚ùï –î–≤–∏–∂–µ–Ω–∏—è >5% –ø–æ –∏—Ç–æ–≥–∞–º –≤—á–µ—Ä–∞—à–Ω–µ–≥–æ –¥–Ω—è:

   `TRMK    –¢–ú–ö –∞–æ       +9.64%`
   `VTBR    –í–¢–ë –∞–æ       +8.15%`
   `SMLT    –°–∞–º–æ–ª–µ—Ç –∞–æ   +7.50%`
   `AFKS    –°–∏—Å—Ç–µ–º–∞ –∞–æ   +7.19%`
   `FESH    –î–í–ú–ü –∞–æ      +7.14%`
   `WUSH    i–í–£–®–•–æ–ª–¥–Ω–≥   +6.99%`
   `MTLR    –ú–µ—á–µ–ª –∞–æ     +6.92%`
   `MTSS    –ú–¢–°-–∞–æ       +6.90%`
   `CHMF    –°–µ–≤–°—Ç-–∞–æ     +6.63%`
   `OGKB    –û–ì–ö-2 –∞–æ     +6.53%`
   `MAGN    –ú–ú–ö          +6.41%`
   `RTKMP   –†–æ—Å—Ç–µ–ª -–∞–ø   +6.20%`
   `MSNG    +–ú–æ—Å–≠–Ω–µ—Ä–≥–æ   +6.13%`
   `RUAL    –†–£–°–ê–õ –∞–æ     +6.02%`
   `SGZH    –°–µ–≥–µ–∂–∞       +5.87%`
   `NLMK    –ù–õ–ú–ö –∞–æ      +5.85%`
   `TGKA    –¢–ì–ö-1        +5.72%`
   `RAGR    –†—É—Å–∞–≥—Ä–æ      -6.11%`
   `TGKN    –¢–ì–ö-14       -6.87%`
   `VSEH    –í–ò.—Ä—É        -7.99%`

__* —Å—Ä–µ–¥–∏ —Ä–æ—Å—Å–∏–π—Å–∫–∏—Ö –∞–∫—Ü–∏–π 1 –∏ 2 —ç—à–µ–ª–æ–Ω–æ–≤ —Å —É—á—ë—Ç–æ–º —É—Ç—Ä–µ–Ω–Ω–µ–π, –æ—Å–Ω–æ–≤–Ω–æ–π –∏ –≤–µ—á–µ—Ä–Ω–µ–π —Å–µ—Å—Å–∏–π__","['MTSS', 'VTBR', 'AFKS', 'MAGN', 'RUAL']",[],"['AFKS', 'MAGN', 'MTSS', 'RUAL', 'VTBR']",False,MTSS,–ú–¢–°,—Ç–µ–ª–µ–∫–æ–º–º—É–Ω–∏–∫–∞—Ü–∏–∏,industry,"–î–≤–∏–∂–µ–Ω–∏—è 5 –ø–æ –∏—Ç–æ–≥–∞–º –≤—á–µ—Ä–∞—à–Ω–µ–≥–æ –¥–Ω—è: TRMK –¢–ú–ö –∞–æ 9.64 VTBR –í–¢–ë –∞–æ 8.15 SMLT –°–∞–º–æ–ª–µ—Ç –∞–æ 7.50 AFKS –°–∏—Å—Ç–µ–º–∞ –∞–æ 7.19 FESH –î–í–ú–ü –∞–æ 7.14 WUSH i–í–£–®–•–æ–ª–¥–Ω–≥ 6.99 MTLR –ú–µ—á–µ–ª –∞–æ 6.92 MTSS –ú–¢–°-–∞–æ 6.90 CHMF –°–µ–≤–°—Ç-–∞–æ 6.63 OGKB –û–ì–ö-2 –∞–æ 6.53 MAGN –ú–ú–ö 6.41 RTKMP –†–æ—Å—Ç–µ–ª -–∞–ø 6.20 MSNG –ú–æ—Å–≠–Ω–µ—Ä–≥–æ 6.13 RUAL –†–£–°–ê–õ –∞–æ 6.02 SGZH –°–µ–≥–µ–∂–∞ 5.87 NLMK –ù–õ–ú–ö –∞–æ 5.85 TGKA –¢–ì–ö-1 5.72 RAGR –†—É—Å–∞–≥—Ä–æ -6.11 TGKN –¢–ì–ö-14 -6.87 VSEH –í–ò.—Ä—É -7.99 —Å—Ä–µ–¥–∏ —Ä–æ—Å—Å–∏–π—Å–∫–∏—Ö –∞–∫—Ü–∏–π 1 –∏ 2 —ç—à–µ–ª–æ–Ω–æ–≤ —Å —É—á—ë—Ç–æ–º —É—Ç—Ä–µ–Ω–Ω–µ–π, –æ—Å–Ω–æ–≤–Ω–æ–π –∏ –≤–µ—á–µ—Ä–Ω–µ–π —Å–µ—Å—Å–∏–π"
69725,2025-04-10,"#RTKM
–°–æ–ª–∞—Ä (–¥–æ—á–µ—Ä–Ω—è—è —Å—Ç—Ä—É–∫—Ç—É—Ä–∞ –†–æ—Å—Ç–µ–ª–µ–∫–æ–º–∞**)** —Å–æ—Ö—Ä–∞–Ω—è–µ—Ç –ø–ª–∞–Ω—ã –ø–æ –≤—ã—Ö–æ–¥—É –Ω–∞ –±–∏—Ä–∂—É ‚Äî –¢–ê–°–°",['MTSS'],[],['MTSS'],False,MTSS,–ú–¢–°,—Ç–µ–ª–µ–∫–æ–º–º—É–Ω–∏–∫–∞—Ü–∏–∏,industry,RTKM –°–æ–ª–∞—Ä (–¥–æ—á–µ—Ä–Ω—è—è —Å—Ç—Ä—É–∫—Ç—É—Ä–∞ –†–æ—Å—Ç–µ–ª–µ–∫–æ–º–∞) —Å–æ—Ö—Ä–∞–Ω—è–µ—Ç –ø–ª–∞–Ω—ã –ø–æ –≤—ã—Ö–æ–¥—É –Ω–∞ –±–∏—Ä–∂—É –¢–ê–°–°
55473,2025-04-10,"üîî #alert
**–ú–¢–° –ë–∞–Ω–∫ (MBNK)**: —Ä–æ—Å—Ç > 10% —Å –ø—Ä–µ–¥—ã–¥—É—â–µ–≥–æ –∑–∞–∫—Ä—ã—Ç–∏—è",['MTSS'],[],['MTSS'],False,MTSS,–ú–¢–°,—Ç–µ–ª–µ–∫–æ–º–º—É–Ω–∏–∫–∞—Ü–∏–∏,industry,alert –ú–¢–° –ë–∞–Ω–∫ (MBNK): —Ä–æ—Å—Ç 10 —Å –ø—Ä–µ–¥—ã–¥—É—â–µ–≥–æ –∑–∞–∫—Ä—ã—Ç–∏—è
69779,2025-04-11,"#RTKM #RTKMP
**–°–û–ì–õ–ê–°–ù–û –ù–û–í–û–ô –î–ò–í–ò–î–ï–ù–î–ù–û–ô –ü–û–õ–ò–¢–ò–ö–ï ""–†–û–°–¢–ï–õ–ï–ö–û–ú"" –ë–£–î–ï–¢ –°–¢–†–ï–ú–ò–¢–¨–°–Ø –í–´–ü–õ–ê–ß–ò–í–ê–¢–¨ –°–û–í–û–ö–£–ü–ù–û –ù–ï –ú–ï–ù–ï–ï 50% –û–¢ –ß–ò–°–¢–û–ô –ü–†–ò–ë–´–õ–ò –ú–°–§–û - –ö–û–ú–ü–ê–ù–ò–Ø**

[RTKM](https://www.tinkoff.ru/invest/stocks/RTKM) 62.62‚ÇΩ
[RTKMP](https://www.tinkoff.ru/invest/stocks/RTKMP) 56.75‚ÇΩ

**–ó–∞–º–µ—á–µ–Ω–æ –®–ø–∏–æ–Ω–æ–º –†–¶–ë.**
**–ü–æ–¥–∫–ª—é—á–∏—Ç—å: ****@StockSpy_bot**",['MTSS'],[],['MTSS'],False,MTSS,–ú–¢–°,—Ç–µ–ª–µ–∫–æ–º–º—É–Ω–∏–∫–∞—Ü–∏–∏,industry,"RTKM RTKMP –°–û–ì–õ–ê–°–ù–û –ù–û–í–û–ô –î–ò–í–ò–î–ï–ù–î–ù–û–ô –ü–û–õ–ò–¢–ò–ö–ï ""–†–û–°–¢–ï–õ–ï–ö–û–ú"" –ë–£–î–ï–¢ –°–¢–†–ï–ú–ò–¢–¨–°–Ø –í–´–ü–õ–ê–ß–ò–í–ê–¢–¨ –°–û–í–û–ö–£–ü–ù–û –ù–ï –ú–ï–ù–ï–ï 50 –û–¢ –ß–ò–°–¢–û–ô –ü–†–ò–ë–´–õ–ò –ú–°–§–û - –ö–û–ú–ü–ê–ù–ò–Ø RTKM( 62.62 RTKMP( 56.75 –ó–∞–º–µ—á–µ–Ω–æ –®–ø–∏–æ–Ω–æ–º –†–¶–ë. –ü–æ–¥–∫–ª—é—á–∏—Ç—å: StockSpy_bot"
55615,2025-04-11,"‚ùï –î–≤–∏–∂–µ–Ω–∏—è >5% –ø–æ –∏—Ç–æ–≥–∞–º –≤—á–µ—Ä–∞—à–Ω–µ–≥–æ –¥–Ω—è:

   `VSEH    –í–ò.—Ä—É        +6.98%`
   `MBNK    –ú–¢–° –ë–∞–Ω–∫     +6.54%`
   `TGKN    –¢–ì–ö-14       +5.56%`
   `MRKC    –†–æ—Å—Å–¶–µ–Ω—Ç—Ä    +5.49%`
   `CNRU    –¶–ò–ê–ù         +5.31%`
   `PIKK    –ü–ò–ö –∞–æ       -7.56%`

__* —Å—Ä–µ–¥–∏ —Ä–æ—Å—Å–∏–π—Å–∫–∏—Ö –∞–∫—Ü–∏–π 1 –∏ 2 —ç—à–µ–ª–æ–Ω–æ–≤ —Å —É—á—ë—Ç–æ–º —É—Ç—Ä–µ–Ω–Ω–µ–π, –æ—Å–Ω–æ–≤–Ω–æ–π –∏ –≤–µ—á–µ—Ä–Ω–µ–π —Å–µ—Å—Å–∏–π__",['MTSS'],[],['MTSS'],False,MTSS,–ú–¢–°,—Ç–µ–ª–µ–∫–æ–º–º—É–Ω–∏–∫–∞—Ü–∏–∏,industry,"–î–≤–∏–∂–µ–Ω–∏—è 5 –ø–æ –∏—Ç–æ–≥–∞–º –≤—á–µ—Ä–∞—à–Ω–µ–≥–æ –¥–Ω—è: VSEH –í–ò.—Ä—É 6.98 MBNK –ú–¢–° –ë–∞–Ω–∫ 6.54 TGKN –¢–ì–ö-14 5.56 MRKC –†–æ—Å—Å–¶–µ–Ω—Ç—Ä 5.49 CNRU –¶–ò–ê–ù 5.31 PIKK –ü–ò–ö –∞–æ -7.56 —Å—Ä–µ–¥–∏ —Ä–æ—Å—Å–∏–π—Å–∫–∏—Ö –∞–∫—Ü–∏–π 1 –∏ 2 —ç—à–µ–ª–æ–Ω–æ–≤ —Å —É—á—ë—Ç–æ–º —É—Ç—Ä–µ–Ω–Ω–µ–π, –æ—Å–Ω–æ–≤–Ω–æ–π –∏ –≤–µ—á–µ—Ä–Ω–µ–π —Å–µ—Å—Å–∏–π"
