id,date,text,tickers,tickers_from_tags,tickers_from_keywords,has_media,ticker,company_name,industry,news_type,clean_text,sentiment_compound,sentiment_negative,sentiment_neutral,sentiment_positive,sentiment_category
50750,2025-01-08,"**–°—É—Ä–≥—É—Ç–Ω–µ—Ñ—Ç–µ–≥–∞–∑ (SNGS): -8.6% —Å** **–Ω–∞—á–∞–ª–∞ 2024 –≥–æ–¥–∞**

‚Äã[headlines_for_traders](https://t.me/headlines_for_traders)
#—Ä–∞–∑–±–æ—Ä_–ø–æ–ª—ë—Ç–æ–≤",['SNGS'],[],['SNGS'],True,SNGS,–°—É—Ä–≥—É—Ç–Ω–µ—Ñ—Ç–µ–≥–∞–∑,–Ω–µ—Ñ—Ç—å,industry,–°—É—Ä–≥—É—Ç–Ω–µ—Ñ—Ç–µ–≥–∞–∑ (SNGS): -8.6 —Å –Ω–∞—á–∞–ª–∞ 2024 –≥–æ–¥–∞ headlines_for_traders( —Ä–∞–∑–±–æ—Ä_–ø–æ–ª—ë—Ç–æ–≤,0.0,0.0,1.0,0.0,neutral
50867,2025-01-10,"–°–®–ê –≤–≤–µ–ª–∏ —Å–∞–Ω–∫—Ü–∏–∏ –ø—Ä–æ—Ç–∏–≤ ¬´–°—É—Ä–≥—É—Ç–Ω–µ—Ñ—Ç–µ–≥–∞–∑–∞¬ª, ¬´–ì–∞–∑–ø—Ä–æ–º –Ω–µ—Ñ—Ç–∏¬ª –∏ ¬´–°–æ–≤–∫–æ–º—Ñ–ª–æ—Ç–∞¬ª 

[forbes.ru](https://www.forbes.ru/biznes/528610-ssa-vveli-sankcii-protiv-surgutneftegaza-gazprom-nefti-i-sovkomflota?utm_source=forbes&utm_campaign=interesting-today)",['SNGS'],[],['SNGS'],False,SNGS,–°—É—Ä–≥—É—Ç–Ω–µ—Ñ—Ç–µ–≥–∞–∑,–Ω–µ—Ñ—Ç—å,industry,"–°–®–ê –≤–≤–µ–ª–∏ —Å–∞–Ω–∫—Ü–∏–∏ –ø—Ä–æ—Ç–∏–≤ –°—É—Ä–≥—É—Ç–Ω–µ—Ñ—Ç–µ–≥–∞–∑–∞, –ì–∞–∑–ø—Ä–æ–º –Ω–µ—Ñ—Ç–∏ –∏ –°–æ–≤–∫–æ–º—Ñ–ª–æ—Ç–∞ forbes.ru(",0.0,0.0,1.0,0.0,neutral
67457,2025-01-10,"#GAZP #SIBN #SNGS #SNGSP
–í–ï–õ–ò–ö–û–ë–†–ò–¢–ê–ù–ò–Ø –ü–†–ò–°–û–ï–î–ò–ù–Ø–ï–¢–°–Ø –ö –°–ê–ù–ö–¶–ò–Ø–ú –ü–†–û–¢–ò–í ""–ì–ê–ó–ü–†–û–ú –ù–ï–§–¢–ò"" –ò ""–°–£–†–ì–£–¢–ù–ï–§–¢–ï–ì–ê–ó–ê"" - –ú–ò–ù–§–ò–ù –°–®–ê


[GAZP](https://www.tinkoff.ru/invest/stocks/GAZP?utm_source=security_share) 126.04‚ÇΩ
[SIBN](https://www.tinkoff.ru/invest/stocks/SIBN?utm_source=security_share) 601.8‚ÇΩ
[SNGS](https://www.tinkoff.ru/invest/stocks/SNGS?utm_source=security_share) 23.3‚ÇΩ
[SNGSP](https://www.tinkoff.ru/invest/stocks/SNGSP?utm_source=security_share) 57.5‚ÇΩ

**–ó–∞–º–µ—á–µ–Ω–æ –®–ø–∏–æ–Ω–æ–º –†–¶–ë.
–ü–æ–¥–∫–ª—é—á–∏—Ç—å:** @StockSpy_bot","['SNGS', 'SIBN']","['SIBN', 'SNGS']",[],False,SNGS,–°—É—Ä–≥—É—Ç–Ω–µ—Ñ—Ç–µ–≥–∞–∑,–Ω–µ—Ñ—Ç—å,company_specific,"GAZP SIBN SNGS SNGSP –í–ï–õ–ò–ö–û–ë–†–ò–¢–ê–ù–ò–Ø –ü–†–ò–°–û–ï–î–ò–ù–Ø–ï–¢–°–Ø –ö –°–ê–ù–ö–¶–ò–Ø–ú –ü–†–û–¢–ò–í ""–ì–ê–ó–ü–†–û–ú –ù–ï–§–¢–ò"" –ò ""–°–£–†–ì–£–¢–ù–ï–§–¢–ï–ì–ê–ó–ê"" - –ú–ò–ù–§–ò–ù –°–®–ê GAZP( 126.04 SIBN( 601.8 SNGS( 23.3 SNGSP( 57.5 –ó–∞–º–µ—á–µ–Ω–æ –®–ø–∏–æ–Ω–æ–º –†–¶–ë. –ü–æ–¥–∫–ª—é—á–∏—Ç—å: StockSpy_bot",0.0,0.0,1.0,0.0,neutral
67449,2025-01-10,"#SIBN #SNGS #–°–∞–Ω–∫—Ü–∏–∏ 
**–°–®–ê –≤–≤–µ–ª–∏ —Å–∞–Ω–∫—Ü–∏–∏ –ø—Ä–æ—Ç–∏–≤ –ì–∞–∑–ø—Ä–æ–º –Ω–µ—Ñ—Ç–∏ –∏ –°—É—Ä–≥—É—Ç–Ω–µ—Ñ—Ç–µ–≥–∞–∑–∞** ‚Äî –æ—Ñ–∏—Ü–∏–∞–ª—å–Ω–æ","['SNGS', 'SIBN']","['SIBN', 'SNGS']",[],False,SNGS,–°—É—Ä–≥—É—Ç–Ω–µ—Ñ—Ç–µ–≥–∞–∑,–Ω–µ—Ñ—Ç—å,company_specific,SIBN SNGS –°–∞–Ω–∫—Ü–∏–∏ –°–®–ê –≤–≤–µ–ª–∏ —Å–∞–Ω–∫—Ü–∏–∏ –ø—Ä–æ—Ç–∏–≤ –ì–∞–∑–ø—Ä–æ–º –Ω–µ—Ñ—Ç–∏ –∏ –°—É—Ä–≥—É—Ç–Ω–µ—Ñ—Ç–µ–≥–∞–∑–∞ –æ—Ñ–∏—Ü–∏–∞–ª—å–Ω–æ,0.0,0.0,1.0,0.0,neutral
67443,2025-01-10,"#–°–∞–Ω–∫—Ü–∏–∏
**–¢–∞–∫–∂–µ –ø–æ–¥ —Å–∞–Ω–∫—Ü–∏–∏ –ø–æ–ø–∞–¥—É—Ç –°–ï–û –°—É—Ä–≥—É—Ç–Ω–µ—Ñ—Ç–µ–≥–∞–∑–∞, –ì–∞–∑–ø—Ä–æ–º –Ω–µ—Ñ—Ç–∏, –õ—É–∫–æ–π–ª–∞, –∞ —Ç–∞–∫–∂–µ —Å—ã–Ω –ê–ª–µ–∫–ø–µ—Ä–æ–≤–∞** ‚Äî Reuters","['SNGS', 'LKOH']",[],"['LKOH', 'SNGS']",True,SNGS,–°—É—Ä–≥—É—Ç–Ω–µ—Ñ—Ç–µ–≥–∞–∑,–Ω–µ—Ñ—Ç—å,industry,"–°–∞–Ω–∫—Ü–∏–∏ –¢–∞–∫–∂–µ –ø–æ–¥ —Å–∞–Ω–∫—Ü–∏–∏ –ø–æ–ø–∞–¥—É—Ç –°–ï–û –°—É—Ä–≥—É—Ç–Ω–µ—Ñ—Ç–µ–≥–∞–∑–∞, –ì–∞–∑–ø—Ä–æ–º –Ω–µ—Ñ—Ç–∏, –õ—É–∫–æ–π–ª–∞, –∞ —Ç–∞–∫–∂–µ —Å—ã–Ω –ê–ª–µ–∫–ø–µ—Ä–æ–≤–∞ Reuters",0.0,0.0,1.0,0.0,neutral
67442,2025-01-10,"#–°–∞–Ω–∫—Ü–∏–∏
Reuters —Å–æ–æ–±—â–∞–µ—Ç –æ —Å–∞–Ω–∫—Ü–∏—è—Ö –ø—Ä–æ—Ç–∏–≤ –ì–∞–∑–ø—Ä–æ–º –Ω–µ—Ñ—Ç–∏ –∏ –°—É—Ä–≥—É—Ç–Ω–µ—Ñ—Ç–µ–≥–∞–∑–∞",['SNGS'],[],['SNGS'],True,SNGS,–°—É—Ä–≥—É—Ç–Ω–µ—Ñ—Ç–µ–≥–∞–∑,–Ω–µ—Ñ—Ç—å,industry,–°–∞–Ω–∫—Ü–∏–∏ Reuters —Å–æ–æ–±—â–∞–µ—Ç –æ —Å–∞–Ω–∫—Ü–∏—è—Ö –ø—Ä–æ—Ç–∏–≤ –ì–∞–∑–ø—Ä–æ–º –Ω–µ—Ñ—Ç–∏ –∏ –°—É—Ä–≥—É—Ç–Ω–µ—Ñ—Ç–µ–≥–∞–∑–∞,0.0,0.0,1.0,0.0,neutral
67437,2025-01-10,"#–°–∞–Ω–∫—Ü–∏–∏ #SIBN #SNGS #FLOT
**–ü—Ä–µ–¥–≤–∞—Ä–∏—Ç–µ–ª—å–Ω–æ –±—ã–ª —Å–ª–∏—Ç –¥–æ–∫—É–º–µ–Ω—Ç —Å –∏–Ω—Ñ–æ—Ä–º–∞—Ü–∏–µ–π –ø–æ —Å–∞–Ω–∫—Ü–∏—è–º, –∫–æ—Ç–æ—Ä—ã–π –¥–æ–ª–∂–µ–Ω –±—ã–ª –±—ã—Ç—å –æ–ø—É–±–ª–∏–∫–æ–≤–∞–Ω –≤ 18:30 –º—Å–∫** ‚Äî –æ—Ñ–∏—Ü–∏–∞–ª—å–Ω–æ–≥–æ –ø–æ–¥—Ç–≤–µ—Ä–∂–¥–µ–Ω–∏—è OFAC –ø–æ–∫–∞ –Ω–µ—Ç

**–°–æ–≥–ª–∞—Å–Ω–æ –¥–æ–∫—É–º–µ–Ω—Ç—É, –ø–æ–¥ —Å–∞–Ω–∫—Ü–∏–∏ –ø–æ–ø–∞–ª–∏ –ì–∞–∑–ø—Ä–æ–º–Ω–µ—Ñ—Ç—å –∏ –°—É—Ä–≥—É—Ç–Ω–µ—Ñ—Ç–µ–≥–∞–∑.** –ö —Ä–µ—à–µ–Ω–∏—é –ú–∏–Ω—Ñ–∏–Ω–∞ –°–®–ê –ø—Ä–∏—Å–æ–µ–¥–∏–Ω—è–µ—Ç—Å—è –∏ –í–µ–ª–∏–∫–æ–±—Ä–∏—Ç–∞–Ω–∏—è.

**–¢–∞–∫–∂–µ —Å–∞–Ω–∫—Ü–∏–∏ –≤–≤–µ–¥–µ–Ω—ã –≤ –æ—Ç–Ω–æ—à–µ–Ω–∏–∏ –°–æ–≤–∫–æ–º—Ñ–ª–æ—Ç–∞**, –ò–Ω–≥–æ—Å—Å—Ç—Ä–∞—Ö–∞ –∏ –ê–ª—å—Ñ–∞—Å—Ç—Ä–∞—Ö–æ–≤–∞–Ω–∏—è.","['SNGS', 'SIBN']","['SIBN', 'SNGS']",[],False,SNGS,–°—É—Ä–≥—É—Ç–Ω–µ—Ñ—Ç–µ–≥–∞–∑,–Ω–µ—Ñ—Ç—å,company_specific,"–°–∞–Ω–∫—Ü–∏–∏ SIBN SNGS FLOT –ü—Ä–µ–¥–≤–∞—Ä–∏—Ç–µ–ª—å–Ω–æ –±—ã–ª —Å–ª–∏—Ç –¥–æ–∫—É–º–µ–Ω—Ç —Å –∏–Ω—Ñ–æ—Ä–º–∞—Ü–∏–µ–π –ø–æ —Å–∞–Ω–∫—Ü–∏—è–º, –∫–æ—Ç–æ—Ä—ã–π –¥–æ–ª–∂–µ–Ω –±—ã–ª –±—ã—Ç—å –æ–ø—É–±–ª–∏–∫–æ–≤–∞–Ω –≤ 18:30 –º—Å–∫ –æ—Ñ–∏—Ü–∏–∞–ª—å–Ω–æ–≥–æ –ø–æ–¥—Ç–≤–µ—Ä–∂–¥–µ–Ω–∏—è OFAC –ø–æ–∫–∞ –Ω–µ—Ç –°–æ–≥–ª–∞—Å–Ω–æ –¥–æ–∫—É–º–µ–Ω—Ç—É, –ø–æ–¥ —Å–∞–Ω–∫—Ü–∏–∏ –ø–æ–ø–∞–ª–∏ –ì–∞–∑–ø—Ä–æ–º–Ω–µ—Ñ—Ç—å –∏ –°—É—Ä–≥—É—Ç–Ω–µ—Ñ—Ç–µ–≥–∞–∑. –ö —Ä–µ—à–µ–Ω–∏—é –ú–∏–Ω—Ñ–∏–Ω–∞ –°–®–ê –ø—Ä–∏—Å–æ–µ–¥–∏–Ω—è–µ—Ç—Å—è –∏ –í–µ–ª–∏–∫–æ–±—Ä–∏—Ç–∞–Ω–∏—è. –¢–∞–∫–∂–µ —Å–∞–Ω–∫—Ü–∏–∏ –≤–≤–µ–¥–µ–Ω—ã –≤ –æ—Ç–Ω–æ—à–µ–Ω–∏–∏ –°–æ–≤–∫–æ–º—Ñ–ª–æ—Ç–∞, –ò–Ω–≥–æ—Å—Å—Ç—Ä–∞—Ö–∞ –∏ –ê–ª—å—Ñ–∞—Å—Ç—Ä–∞—Ö–æ–≤–∞–Ω–∏—è.",0.0,0.0,1.0,0.0,neutral
67428,2025-01-10,"#–ù–µ—Ñ—Ç—è–Ω–∫–∞
–î–µ–ª—å—Ç–∞ (—Ä–∞–∑–Ω–∏—Ü–∞ –º–µ–∂–¥—É –ø–æ–∫—É–ø–∫–∞–º–∏ –∏ –ø—Ä–æ–¥–∞–∂–∞–º–∏) –≤ –∞–∫—Ü–∏—è—Ö –Ω–µ—Ñ—Ç—è–Ω–∏–∫–æ–≤ —Å –Ω–∞—á–∞–ª–∞ –≥–æ–¥–∞:

#LKOH: -1093.7 –º–ª–Ω —Ä—É–±
#ROSN: +181.1 –º–ª–Ω —Ä—É–±
#SIBN: -175.2 –º–ª–Ω —Ä—É–±
#SNGS: -349.2 –º–ª–Ω —Ä—É–±
#RNFT: -212.5 –º–ª–Ω —Ä—É–±

–°–µ–≥–æ–¥–Ω—è –æ–∂–∏–¥–∞–µ—Ç—Å—è –≤–≤–µ–¥–µ–Ω–∏–µ –Ω–æ–≤—ã—Ö —Å–∞–Ω–∫—Ü–∏–π –°–®–ê –ø—Ä–æ—Ç–∏–≤ –†–§, –∫–æ—Ç–æ—Ä—ã–µ –º–æ–≥—É—Ç –∑–∞—Ç—Ä–æ–Ω—É—Ç—å –Ω–µ—Ñ—Ç—è–Ω—ã–µ –∫–æ–º–ø–∞–Ω–∏–∏.

üëâ –î–µ–ª—å—Ç–∞ —Ä–∞—Å—Å—á–∏—Ç–∞–Ω–∞ [–®–ø–∏–æ–Ω–æ–º –†–¶–ë ](https://t.me/stockspy_bot)

[üëâ –ò–Ω—Å—Ç—Ä—É–∫—Ü–∏—è –ø–æ –∏—Å–ø–æ–ª—å–∑–æ–≤–∞–Ω–∏—é –¥–µ–ª—å—Ç—ã](https://dzen.ru/a/Zv_EAh4NkzoIwd8B)","['SNGS', 'LKOH', 'ROSN', 'SIBN']","['LKOH', 'ROSN', 'SIBN', 'SNGS']",[],True,SNGS,–°—É—Ä–≥—É—Ç–Ω–µ—Ñ—Ç–µ–≥–∞–∑,–Ω–µ—Ñ—Ç—å,company_specific,"–ù–µ—Ñ—Ç—è–Ω–∫–∞ –î–µ–ª—å—Ç–∞ (—Ä–∞–∑–Ω–∏—Ü–∞ –º–µ–∂–¥—É –ø–æ–∫—É–ø–∫–∞–º–∏ –∏ –ø—Ä–æ–¥–∞–∂–∞–º–∏) –≤ –∞–∫—Ü–∏—è—Ö –Ω–µ—Ñ—Ç—è–Ω–∏–∫–æ–≤ —Å –Ω–∞—á–∞–ª–∞ –≥–æ–¥–∞: LKOH: -1093.7 –º–ª–Ω —Ä—É–± ROSN: 181.1 –º–ª–Ω —Ä—É–± SIBN: -175.2 –º–ª–Ω —Ä—É–± SNGS: -349.2 –º–ª–Ω —Ä—É–± RNFT: -212.5 –º–ª–Ω —Ä—É–± –°–µ–≥–æ–¥–Ω—è –æ–∂–∏–¥–∞–µ—Ç—Å—è –≤–≤–µ–¥–µ–Ω–∏–µ –Ω–æ–≤—ã—Ö —Å–∞–Ω–∫—Ü–∏–π –°–®–ê –ø—Ä–æ—Ç–∏–≤ –†–§, –∫–æ—Ç–æ—Ä—ã–µ –º–æ–≥—É—Ç –∑–∞—Ç—Ä–æ–Ω—É—Ç—å –Ω–µ—Ñ—Ç—è–Ω—ã–µ –∫–æ–º–ø–∞–Ω–∏–∏. –î–µ–ª—å—Ç–∞ —Ä–∞—Å—Å—á–∏—Ç–∞–Ω–∞ –®–ø–∏–æ–Ω–æ–º –†–¶–ë ( –ò–Ω—Å—Ç—Ä—É–∫—Ü–∏—è –ø–æ –∏—Å–ø–æ–ª—å–∑–æ–≤–∞–Ω–∏—é –¥–µ–ª—å—Ç—ã(",0.0,0.0,1.0,0.0,neutral
50873,2025-01-11,"–í–µ–ª–∏–∫–æ–±—Ä–∏—Ç–∞–Ω–∏—è –ø—Ä–∏—Å–æ–µ–¥–∏–Ω–∏–ª–∞—Å—å –∫ —Å–∞–Ω–∫—Ü–∏—è–º –°–®–ê –ø—Ä–æ—Ç–∏–≤ ¬´–ì–∞–∑–ø—Ä–æ–º –Ω–µ—Ñ—Ç–∏¬ª –∏ ¬´–°—É—Ä–≥—É—Ç–Ω–µ—Ñ—Ç–µ–≥–∞–∑–∞¬ª.

[rbc.ru](https://www.rbc.ru/economics/11/01/2025/67814ae89a7947826b759802?from=from_main_3)",['SNGS'],[],['SNGS'],False,SNGS,–°—É—Ä–≥—É—Ç–Ω–µ—Ñ—Ç–µ–≥–∞–∑,–Ω–µ—Ñ—Ç—å,industry,–í–µ–ª–∏–∫–æ–±—Ä–∏—Ç–∞–Ω–∏—è –ø—Ä–∏—Å–æ–µ–¥–∏–Ω–∏–ª–∞—Å—å –∫ —Å–∞–Ω–∫—Ü–∏—è–º –°–®–ê –ø—Ä–æ—Ç–∏–≤ –ì–∞–∑–ø—Ä–æ–º –Ω–µ—Ñ—Ç–∏ –∏ –°—É—Ä–≥—É—Ç–Ω–µ—Ñ—Ç–µ–≥–∞–∑–∞. rbc.ru(,0.0,0.0,1.0,0.0,neutral
51361,2025-01-23,"**–ê–∫—Ü–∏–∏ –í–ö (VKCO) –≤–æ–∑–æ–±–Ω–æ–≤–∏–ª–∏ —Ä–æ—Å—Ç –≤ —Å—Ä–µ–¥—É –ø–æ—Å–ª–µ –¥–≤—É—Ö–¥–Ω–µ–≤–Ω–æ–π –∫–æ—Ä—Ä–µ–∫—Ü–∏–∏. **

–ü–æ –∏—Ç–æ–≥–∞–º —Ç–æ—Ä–≥–æ–≤ –±—É–º–∞–≥–∏ –ø–æ–¥–æ—Ä–æ–∂–∞–ª–∏ –Ω–∞ 2.48%, –¥–æ ‚ÇΩ346.6, –∑–∞–Ω—è–≤ –≤—Ç–æ—Ä–æ–µ –º–µ—Å—Ç–æ –≤ —á–∏—Å–ª–µ –ª–∏–¥–µ—Ä–æ–≤ –∏–Ω–¥–µ–∫—Å–∞ –ú–æ—Å–±–∏—Ä–∂–∏ –ø–æ—Å–ª–µ –æ–±—ã–∫–Ω–æ–≤–µ–Ω–Ω—ã—Ö –∞–∫—Ü–∏–π ¬´–°—É—Ä–≥—É—Ç–Ω–µ—Ñ—Ç–µ–≥–∞–∑–∞¬ª (+3.9% –¥–æ ‚ÇΩ28.13).

[rbc.ru](https://www.rbc.ru/quote/news/article/6791c8f79a79471924b18926?from=copy)
#–≤_—Ñ–æ–∫—É—Å–µ
#VKCO",['SNGS'],[],['SNGS'],True,SNGS,–°—É—Ä–≥—É—Ç–Ω–µ—Ñ—Ç–µ–≥–∞–∑,–Ω–µ—Ñ—Ç—å,industry,"–ê–∫—Ü–∏–∏ –í–ö (VKCO) –≤–æ–∑–æ–±–Ω–æ–≤–∏–ª–∏ —Ä–æ—Å—Ç –≤ —Å—Ä–µ–¥—É –ø–æ—Å–ª–µ –¥–≤—É—Ö–¥–Ω–µ–≤–Ω–æ–π –∫–æ—Ä—Ä–µ–∫—Ü–∏–∏. –ü–æ –∏—Ç–æ–≥–∞–º —Ç–æ—Ä–≥–æ–≤ –±—É–º–∞–≥–∏ –ø–æ–¥–æ—Ä–æ–∂–∞–ª–∏ –Ω–∞ 2.48, –¥–æ 346.6, –∑–∞–Ω—è–≤ –≤—Ç–æ—Ä–æ–µ –º–µ—Å—Ç–æ –≤ —á–∏—Å–ª–µ –ª–∏–¥–µ—Ä–æ–≤ –∏–Ω–¥–µ–∫—Å–∞ –ú–æ—Å–±–∏—Ä–∂–∏ –ø–æ—Å–ª–µ –æ–±—ã–∫–Ω–æ–≤–µ–Ω–Ω—ã—Ö –∞–∫—Ü–∏–π –°—É—Ä–≥—É—Ç–Ω–µ—Ñ—Ç–µ–≥–∞–∑–∞ (3.9 –¥–æ 28.13). rbc.ru( –≤_—Ñ–æ–∫—É—Å–µ VKCO",0.05405405405405406,0.0,0.972972972972973,0.02702702702702703,positive
67787,2025-01-27,"#SIBN #SNGS #SNGSP
**–°–∫–∏–¥–∫–∏ –Ω–∞ Urals —Å –≤–≤–æ–¥–∞ –ø–æ—Å–ª–µ–¥–Ω–∏—Ö —Å–∞–Ω–∫—Ü–∏–π –≤—ã—Ä–æ—Å–ª–∏ –Ω–∞ $1,5-2,6/–±–∞—Ä—Ä., –Ω–∞ ESPO - –Ω–∞ $8,4/–±–∞—Ä—Ä. - Argus**
–î–∏—Å–∫–æ–Ω—Ç—ã –Ω–∞ –Ω–µ—Ñ—Ç—å Urals FOB –∫ —ç—Ç–∞–ª–æ–Ω–Ω–æ–π –∫–æ—Ç–∏—Ä–æ–≤–∫–µ –ø–æ—Å–ª–µ –≤–≤–µ–¥–µ–Ω–∏—è 10 —è–Ω–≤–∞—Ä—è –ø–æ—Å–ª–µ–¥–Ω–∏—Ö –∞–º–µ—Ä–∏–∫–∞–Ω—Å–∫–∏—Ö —Å–∞–Ω–∫—Ü–∏–π –≤—ã—Ä–æ—Å–ª–∏ –Ω–∞ $1,5-2,6 –∑–∞ –±–∞—Ä—Ä–µ–ª—å - –¥–æ $13,5-14,4 –∑–∞ –±–∞—Ä—Ä–µ–ª—å, –∞ —Å–∫–∏–¥–∫–∏ –Ω–∞ –ø—Ä–µ–º–∏–∞–ª—å–Ω—ã–π —Å–æ—Ä—Ç –Ω–µ—Ñ—Ç–∏ ESPO —É–≤–µ–ª–∏—á–∏–ª–∏—Å—å –Ω–∞ $8,4/–±–∞—Ä—Ä. - –¥–æ $10/–±–∞—Ä—Ä., —Å–ª–µ–¥—É–µ—Ç –∏–∑ –¥–∞–Ω–Ω—ã—Ö —Ü–µ–Ω–æ–≤–æ–≥–æ –∞–≥–µ–Ω—Ç—Å—Ç–≤–∞ Argus, —Å –∫–æ—Ç–æ—Ä—ã–º–∏ –æ–∑–Ω–∞–∫–æ–º–∏–ª—Å—è ""–ò–Ω—Ç–µ—Ä—Ñ–∞–∫—Å"".

[SIBN](https://www.tinkoff.ru/invest/stocks/SIBN?utm_source=security_share) 612.6‚ÇΩ
[SNGS](https://www.tinkoff.ru/invest/stocks/SNGS?utm_source=security_share) 27.515‚ÇΩ
[SNGSP](https://www.tinkoff.ru/invest/stocks/SNGSP?utm_source=security_share) 57.525‚ÇΩ

üëâ[–ü–æ–ª–Ω–∞—è –Ω–æ–≤–æ—Å—Ç—å](http://telegra.ph/Skidki-na-Urals-s-vvoda-poslednih-sankcij-vyrosli-na-15-26barr-na-ESPO---na-84barr---Argus-01-27-2)

**–ó–∞–º–µ—á–µ–Ω–æ –®–ø–∏–æ–Ω–æ–º –†–¶–ë.
–ü–æ–¥–∫–ª—é—á–∏—Ç—å:** @StockSpy_bot","['SNGS', 'SIBN']","['SIBN', 'SNGS']",[],False,SNGS,–°—É—Ä–≥—É—Ç–Ω–µ—Ñ—Ç–µ–≥–∞–∑,–Ω–µ—Ñ—Ç—å,company_specific,"SIBN SNGS SNGSP –°–∫–∏–¥–∫–∏ –Ω–∞ Urals —Å –≤–≤–æ–¥–∞ –ø–æ—Å–ª–µ–¥–Ω–∏—Ö —Å–∞–Ω–∫—Ü–∏–π –≤—ã—Ä–æ—Å–ª–∏ –Ω–∞ 1,5-2,6–±–∞—Ä—Ä., –Ω–∞ ESPO - –Ω–∞ 8,4–±–∞—Ä—Ä. - Argus –î–∏—Å–∫–æ–Ω—Ç—ã –Ω–∞ –Ω–µ—Ñ—Ç—å Urals FOB –∫ —ç—Ç–∞–ª–æ–Ω–Ω–æ–π –∫–æ—Ç–∏—Ä–æ–≤–∫–µ –ø–æ—Å–ª–µ –≤–≤–µ–¥–µ–Ω–∏—è 10 —è–Ω–≤–∞—Ä—è –ø–æ—Å–ª–µ–¥–Ω–∏—Ö –∞–º–µ—Ä–∏–∫–∞–Ω—Å–∫–∏—Ö —Å–∞–Ω–∫—Ü–∏–π –≤—ã—Ä–æ—Å–ª–∏ –Ω–∞ 1,5-2,6 –∑–∞ –±–∞—Ä—Ä–µ–ª—å - –¥–æ 13,5-14,4 –∑–∞ –±–∞—Ä—Ä–µ–ª—å, –∞ —Å–∫–∏–¥–∫–∏ –Ω–∞ –ø—Ä–µ–º–∏–∞–ª—å–Ω—ã–π —Å–æ—Ä—Ç –Ω–µ—Ñ—Ç–∏ ESPO —É–≤–µ–ª–∏—á–∏–ª–∏—Å—å –Ω–∞ 8,4–±–∞—Ä—Ä. - –¥–æ 10–±–∞—Ä—Ä., —Å–ª–µ–¥—É–µ—Ç –∏–∑ –¥–∞–Ω–Ω—ã—Ö —Ü–µ–Ω–æ–≤–æ–≥–æ –∞–≥–µ–Ω—Ç—Å—Ç–≤–∞ Argus, —Å –∫–æ—Ç–æ—Ä—ã–º–∏ –æ–∑–Ω–∞–∫–æ–º–∏–ª—Å—è ""–ò–Ω—Ç–µ—Ä—Ñ–∞–∫—Å"". SIBN( 612.6 SNGS( 27.515 SNGSP( 57.525 –ü–æ–ª–Ω–∞—è –Ω–æ–≤–æ—Å—Ç—å( –ó–∞–º–µ—á–µ–Ω–æ –®–ø–∏–æ–Ω–æ–º –†–¶–ë. –ü–æ–¥–∫–ª—é—á–∏—Ç—å: StockSpy_bot",0.0,0.0,1.0,0.0,neutral
52154,2025-02-09,"**–ê–∫—Ü–∏–∏ —Å —Å–∞–º—ã–º –Ω–∏–∑–∫–∏–º P/E –Ω–∞ –ú–æ—Å–±–∏—Ä–∂–µ.
**
‚óè –°—É—Ä–≥—É—Ç–Ω–µ—Ñ—Ç–µ–≥–∞–∑: 1.1
‚óè –ê—ç—Ä–æ—Ñ–ª–æ—Ç: 1.3
‚óè –ë–∞—à–Ω–µ—Ñ—Ç—å: 1.9
‚óè –ò–Ω—Ç–µ—Ä–†–ê–û: 2.6
‚óè –°–æ–≤–∫–æ–º—Ñ–ª–æ—Ç: 2.7

[finam.ru](https://www.finam.ru/publications/item/samye-nedootsenennye-kompanii-na-rossiyskom-rynke-20250208-1300/)",['SNGS'],[],['SNGS'],False,SNGS,–°—É—Ä–≥—É—Ç–Ω–µ—Ñ—Ç–µ–≥–∞–∑,–Ω–µ—Ñ—Ç—å,industry,–ê–∫—Ü–∏–∏ —Å —Å–∞–º—ã–º –Ω–∏–∑–∫–∏–º PE –Ω–∞ –ú–æ—Å–±–∏—Ä–∂–µ. –°—É—Ä–≥—É—Ç–Ω–µ—Ñ—Ç–µ–≥–∞–∑: 1.1 –ê—ç—Ä–æ—Ñ–ª–æ—Ç: 1.3 –ë–∞—à–Ω–µ—Ñ—Ç—å: 1.9 –ò–Ω—Ç–µ—Ä–†–ê–û: 2.6 –°–æ–≤–∫–æ–º—Ñ–ª–æ—Ç: 2.7 finam.ru(,0.0,0.0,1.0,0.0,neutral
52447,2025-02-15,"–ù–∞ –≥—Ä–∞—Ñ–∏–∫–µ –ø—Ä–æ–¥–µ–º–æ–Ω—Å—Ç—Ä–∏—Ä–æ–≤–∞–Ω–∞ –¥–∏–Ω–∞–º–∏–∫–∞ –∏–Ω–¥–µ–∫—Å–∞ IMOEX –∏ –±—É–º–∞–≥, –≤—Ö–æ–¥—è—â–∏—Ö –≤ –Ω–µ–≥–æ, –ø–æ—Å–ª–µ –Ω–æ–≤–æ—Å—Ç–µ–π –æ —Ç–µ–ª–µ—Ñ–æ–Ω–Ω–æ–º —Ä–∞–∑–≥–æ–≤–æ—Ä–µ –ü—É—Ç–∏–Ω–∞ –∏ –¢—Ä–∞–º–ø–∞ 12 —Ñ–µ–≤—Ä–∞–ª—è –≤ 19:00 –ø–æ –ú–æ—Å–∫–≤–µ.

–ò–∑ –ø—Ä–µ–¥—Å—Ç–∞–≤–ª–µ–Ω–Ω—ã—Ö –±—É–º–∞–≥, —Å–∏–ª—å–Ω–µ–µ –≤—Å–µ–≥–æ –≤—ã—Ä–æ—Å–ª–∏ –∫ –∫–æ–Ω—Ü—É –≤–µ—á–µ—Ä–Ω–µ–π —Å–µ—Å—Å–∏–∏ –≤—ã—Ä–æ—Å–ª–∏ –±—É–º–∞–≥–∏ –ù–æ–≤–∞—Ç—ç–∫–∞ (NVTK), –í–¢–ë (VTBR), –∏ –¢-–¢–µ—Ö–Ω–æ–ª–æ–≥–∏–π (T), —á—Ç–æ —Å–æ–æ—Ç–≤–µ—Ç—Å—Ç–≤—É–µ—Ç –≤—Ä–µ–º–µ–Ω–Ω–æ–º—É –ø—Ä–æ–º–µ–∂—É—Ç–∫—É –≤ 5 —á–∞—Å–æ–≤ –Ω–∞ –≥—Ä–∞—Ñ–∏–∫–µ. 

–°–∏–ª—å–Ω–µ–µ –≤—Å–µ–≥–æ —Å–ø—É—Å—Ç—è —Å—É—Ç–∫–∏ –≤—ã—Ä–æ—Å–ª–∏ –±—É–º–∞–≥–∏ –ì–∞–∑–ø—Ä–æ–º–∞ (GAZP) –Ω–∞ 13.6% –∏ –í–¢–ë (VTBR) –Ω–∞ 10.3%, —Å–ª–∞–±–µ–µ ‚Äî –±—É–º–∞–≥–∏ –°—É—Ä–≥—É—Ç–Ω–µ—Ñ—Ç–µ–≥–∞–∑–∞ (SNGS) –Ω–∞ 2.3%.

[headlines_Q](http://t.me/headlines_quants),[ headlines_for_traders](https://t.me/headlines_for_traders)","['NVTK', 'SNGS', 'VTBR']",[],"['NVTK', 'SNGS', 'VTBR']",True,SNGS,–°—É—Ä–≥—É—Ç–Ω–µ—Ñ—Ç–µ–≥–∞–∑,–Ω–µ—Ñ—Ç—å,industry,"–ù–∞ –≥—Ä–∞—Ñ–∏–∫–µ –ø—Ä–æ–¥–µ–º–æ–Ω—Å—Ç—Ä–∏—Ä–æ–≤–∞–Ω–∞ –¥–∏–Ω–∞–º–∏–∫–∞ –∏–Ω–¥–µ–∫—Å–∞ IMOEX –∏ –±—É–º–∞–≥, –≤—Ö–æ–¥—è—â–∏—Ö –≤ –Ω–µ–≥–æ, –ø–æ—Å–ª–µ –Ω–æ–≤–æ—Å—Ç–µ–π –æ —Ç–µ–ª–µ—Ñ–æ–Ω–Ω–æ–º —Ä–∞–∑–≥–æ–≤–æ—Ä–µ –ü—É—Ç–∏–Ω–∞ –∏ –¢—Ä–∞–º–ø–∞ 12 —Ñ–µ–≤—Ä–∞–ª—è –≤ 19:00 –ø–æ –ú–æ—Å–∫–≤–µ. –ò–∑ –ø—Ä–µ–¥—Å—Ç–∞–≤–ª–µ–Ω–Ω—ã—Ö –±—É–º–∞–≥, —Å–∏–ª—å–Ω–µ–µ –≤—Å–µ–≥–æ –≤—ã—Ä–æ—Å–ª–∏ –∫ –∫–æ–Ω—Ü—É –≤–µ—á–µ—Ä–Ω–µ–π —Å–µ—Å—Å–∏–∏ –≤—ã—Ä–æ—Å–ª–∏ –±—É–º–∞–≥–∏ –ù–æ–≤–∞—Ç—ç–∫–∞ (NVTK), –í–¢–ë (VTBR), –∏ –¢-–¢–µ—Ö–Ω–æ–ª–æ–≥–∏–π (T), —á—Ç–æ —Å–æ–æ—Ç–≤–µ—Ç—Å—Ç–≤—É–µ—Ç –≤—Ä–µ–º–µ–Ω–Ω–æ–º—É –ø—Ä–æ–º–µ–∂—É—Ç–∫—É –≤ 5 —á–∞—Å–æ–≤ –Ω–∞ –≥—Ä–∞—Ñ–∏–∫–µ. –°–∏–ª—å–Ω–µ–µ –≤—Å–µ–≥–æ —Å–ø—É—Å—Ç—è —Å—É—Ç–∫–∏ –≤—ã—Ä–æ—Å–ª–∏ –±—É–º–∞–≥–∏ –ì–∞–∑–ø—Ä–æ–º–∞ (GAZP) –Ω–∞ 13.6 –∏ –í–¢–ë (VTBR) –Ω–∞ 10.3, —Å–ª–∞–±–µ–µ –±—É–º–∞–≥–∏ –°—É—Ä–≥—É—Ç–Ω–µ—Ñ—Ç–µ–≥–∞–∑–∞ (SNGS) –Ω–∞ 2.3. headlines_Q( headlines_for_traders(",0.0,0.0,1.0,0.0,neutral
69097,2025-03-25,"#SNGSP #–ü—Ä–æ–≥–Ω–æ–∑ #–î–∏–≤–∏–¥–µ–Ω–¥—ã
–ö–æ–Ω—Å–µ–Ω—Å—É—Å-–ø—Ä–æ–≥–Ω–æ–∑ –ò–Ω—Ç–µ—Ä—Ñ–∞–∫—Å–∞: **–ü—Ä–∏–±—ã–ª—å –°—É—Ä–≥—É—Ç–Ω–µ—Ñ—Ç–µ–≥–∞–∑–∞ –≤ 2024 –≥–æ–¥—É –ø–æ–∑–≤–æ–ª–∏—Ç –∫–æ–º–ø–∞–Ω–∏–∏ –≤—ã–ø–ª–∞—Ç–∏—Ç—å 9.42 —Ä—É–± –Ω–∞ –ø—Ä–µ—Ñ**. –ö—É–±—ã—à–∫–∞ –ø—Ä–µ–≤—ã—Å–∏–ª–∞ 6.5 —Ç—Ä–ª–Ω —Ä—É–±",['SNGS'],[],['SNGS'],False,SNGS,–°—É—Ä–≥—É—Ç–Ω–µ—Ñ—Ç–µ–≥–∞–∑,–Ω–µ—Ñ—Ç—å,industry,SNGSP –ü—Ä–æ–≥–Ω–æ–∑ –î–∏–≤–∏–¥–µ–Ω–¥—ã –ö–æ–Ω—Å–µ–Ω—Å—É—Å-–ø—Ä–æ–≥–Ω–æ–∑ –ò–Ω—Ç–µ—Ä—Ñ–∞–∫—Å–∞: –ü—Ä–∏–±—ã–ª—å –°—É—Ä–≥—É—Ç–Ω–µ—Ñ—Ç–µ–≥–∞–∑–∞ –≤ 2024 –≥–æ–¥—É –ø–æ–∑–≤–æ–ª–∏—Ç –∫–æ–º–ø–∞–Ω–∏–∏ –≤—ã–ø–ª–∞—Ç–∏—Ç—å 9.42 —Ä—É–± –Ω–∞ –ø—Ä–µ—Ñ. –ö—É–±—ã—à–∫–∞ –ø—Ä–µ–≤—ã—Å–∏–ª–∞ 6.5 —Ç—Ä–ª–Ω —Ä—É–±,0.09090909090909091,0.0,0.9545454545454546,0.045454545454545456,positive
69396,2025-04-02,"‚ö°Ô∏è**–ü—É—Ç–∏–Ω —Ä–∞–∑—Ä–µ—à–∏–ª ""–ë–∞–ª—á—É–≥ –ö–∞–ø–∏—Ç–∞–ª—É"" –∫—É–ø–∏—Ç—å —É Goldman Sachs –∏ –∑–∞—Ç–µ–º –ø—Ä–æ–¥–∞—Ç—å –∞–∫—Ü–∏–∏ —Ä—è–¥–∞ —Ä–æ—Å—Å–∏–π—Å–∫–∏—Ö –ø—É–±–ª–∏—á–Ω—ã—Ö –∫–æ–º–ø–∞–Ω–∏–π** ‚Äî —Ä–∞—Å–ø–æ—Ä—è–∂–µ–Ω–∏–µ

#GAZP #ROCN #SNGS #IRAO #RTKM #NVTK #NLMK #TATN #LKOH","['SNGS', 'TATN', 'NVTK', 'LKOH']","['SNGS', 'NVTK', 'TATN', 'LKOH']",[],True,SNGS,–°—É—Ä–≥—É—Ç–Ω–µ—Ñ—Ç–µ–≥–∞–∑,–Ω–µ—Ñ—Ç—å,company_specific,"–ü—É—Ç–∏–Ω —Ä–∞–∑—Ä–µ—à–∏–ª ""–ë–∞–ª—á—É–≥ –ö–∞–ø–∏—Ç–∞–ª—É"" –∫—É–ø–∏—Ç—å —É Goldman Sachs –∏ –∑–∞—Ç–µ–º –ø—Ä–æ–¥–∞—Ç—å –∞–∫—Ü–∏–∏ —Ä—è–¥–∞ —Ä–æ—Å—Å–∏–π—Å–∫–∏—Ö –ø—É–±–ª–∏—á–Ω—ã—Ö –∫–æ–º–ø–∞–Ω–∏–π —Ä–∞—Å–ø–æ—Ä—è–∂–µ–Ω–∏–µ GAZP ROCN SNGS IRAO RTKM NVTK NLMK TATN LKOH",0.0,0.0,1.0,0.0,neutral
